molregno	canonical_smiles
148	O=c1oc2c(O)c(O)cc3c(=O)oc4c(O)c(O)cc1c4c23
213	Cn1cc(C2=C(c3cn(CCCSC(=N)N)c4ccccc34)C(=O)NC2=O)c2ccccc21
222	Cn1cc(C2=C(c3cn(CCCN)c4ccccc34)C(=O)NC2=O)c2ccccc21
250	C[S+]([O-])c1ccc(-c2nc(-c3ccc(F)cc3)c(-c3ccncc3)[nH]2)cc1
924	C=CC[C@@H]1/C=C(\C)C[C@H](C)C[C@H](OC)[C@H]2O[C@@](O)(C(=O)C(=O)N3CCCC[C@H]3C(=O)O[C@H](/C(C)=C/[C@@H]3CC[C@@H](O)[C@H](OC)C3)[C@H](C)[C@@H](O)CC1=O)[C@H](C)C[C@@H]2OC
1054	CCCCCCCCC#Cc1ccc2c(c1)C[C@@H](CO)NC(=O)[C@H](C(C)C)N2C
3666	O=c1c(O)c(-c2ccc(O)c(O)c2)oc2cc(O)cc(O)c12
2241	O=C1NC(=O)C(c2c[nH]c3ccccc23)=C1c1c[nH]c2ccccc12
2249	CN(C)CCCn1cc(C2=C(c3c[nH]c4ccccc34)C(=O)NC2=O)c2ccccc21
24580	CC(C)(C)c1nc2c3ccc(F)cc3c3c(=O)[nH]ccc3c2[nH]1
11305	O=C(CCCCCCC(=O)Nc1ccccc1)NO
12835	Cc1[nH]c(/C=C2\C(=O)Nc3ccc(F)cc32)c(C)c1C(=O)NCCN(C)C
12841	Cc1[nH]c(/C=C2\C(=O)Nc3ccc(F)cc32)c(C)c1C(=O)NCc1ccncc1
12842	Cc1[nH]c(/C=C2\C(=O)Nc3ccc(F)cc32)c(C)c1C(=O)NCCN1CCOCC1
12846	CCN(CC)CCNC(=O)c1c(C)[nH]c(/C=C2\C(=O)Nc3ccc(Cl)cc32)c1C
12878	CCN(CC)CCNC(=O)c1c(C)[nH]c(/C=C2\C(=O)Nc3ccc(Br)cc32)c1C
12879	CCN(CC)CCNC(=O)c1c(C)[nH]c(/C=C2\C(=O)Nc3ccccc32)c1C
12911	Cc1cc(C)c(/C=C2\C(=O)Nc3ccccc32)[nH]1
12922	Cc1[nH]c(/C=C2\C(=O)Nc3ccccc32)c(C)c1CCC(=O)O
12955	Cc1[nH]c(/C=C2\C(=O)Nc3ccc(F)cc32)c(C)c1C(=O)NCCN1CCCC1
12967	Cc1[nH]c(/C=C2\C(=O)Nc3ccc(F)cc32)c(C)c1C(=O)NCCn1cncn1
12987	Cc1[nH]c(/C=C2\C(=O)Nc3ccc(F)cc32)c(C)c1C(=O)NCC1CCN(C)CC1
13048	CCN(CC)CCNC(=O)c1c(C)[nH]c(/C=C2\C(=O)Nc3ccc(F)cc32)c1C
14785	C#Cc1cccc(Nc2ncnc3cc(OCCOC)c(OCCOC)cc23)c1
14805	CS(=O)(=O)CCNCc1ccc(-c2ccc3ncnc(Nc4ccc(OCc5cccc(F)c5)c(Cl)c4)c3c2)o1
32530	CN(C)C[C@H]1CCn2c(c(C3=C(c4cn(C)c5ccccc45)C(=O)NC3=O)c3ccccc32)C1
31312	COc1cc(/C=C/C(=O)CC(=O)/C=C/c2ccc(O)c(OC)c2)ccc1O
41608	C=CC(=O)Nc1ccc2ncnc(Nc3ccc(F)c(Cl)c3)c2n1
34952	CCCC(=O)O[C@@H]1[C@@H](C)[C@@]2(O)[C@@H](C=C(CO)C[C@]3(O)C(=O)C(C)=C[C@@H]23)[C@@H]2C(C)(C)[C@]12OC(=O)CCC
35352	COC(=O)[C@@]1(O)C[C@H]2O[C@]1(C)n1c3ccccc3c3c4c(c5c6ccccc6n2c5c31)C(=O)NC4
42358	C=CC(=O)Nc1ccc2ncnc(Nc3ccc(F)c(Br)c3)c2c1
43103	C=CC(=O)Nc1ccc2ncc(C#N)c(Nc3cccc(Br)c3)c2c1
43264	CN(C)C/C=C/C(=O)Nc1cc2c(Nc3cccc(Br)c3)c(C#N)cnc2cn1
43524	COc1cc2c(Nc3ccc(Oc4ccccc4)cc3)c(C#N)cnc2cc1OCCCN1CCOCC1
41664	C=CC(=O)Nc1ccc2ncnc(Nc3cccc(C)c3)c2c1
41764	C=CC(=O)Nc1cc2c(Nc3ccc(F)c(Cl)c3)ncnc2cc1OCCCN1CCOCC1
41766	C=CC(=O)Nc1ccc2ncnc(Nc3ccc(F)c(Cl)c3)c2c1
42238	C=CC(=O)Nc1ccc2ncnc(Nc3cccc(Br)c3)c2c1
52141	CCSCc1ccc2c(c1)c1c3c(c4c5cc(CSCC)ccc5n5c4c1n2[C@H]1C[C@](O)(C(=O)OC)[C@]5(C)O1)CNC3=O
52238	CCCCCCCCCCc1ccc2c(c1)N(C)[C@@H](C(C)C)C(=O)N[C@H](CO)C2
75193	O=C(OC1CCCC1Cc1ccc(O)cc1)c1cc(O)c(C(=O)c2c(O)cccc2C(=O)O)c(O)c1
55962	COC(=O)[C@]1(O)C[C@@H]2O[C@@]1(C)n1c3ccccc3c3c4c(c5c6ccccc6n2c5c31)C(=O)NC4
62111	COc1cc(Nc2c(C#N)cnc3cc(OCCCN4CCN(C)CC4)c(OC)cc23)c(Cl)cc1Cl
62246	COc1cc(Nc2c(C#N)cnc3cc(OCCCC4CCN(C)CC4)c(OC)cc23)c(Cl)cc1Cl
75229	O=C(NC1CNCCCC1OC(=O)c1cc(O)c(C(=O)c2c(O)cccc2C(=O)O)c(O)c1)c1ccc(O)cc1
75293	O=C(OC1CCCC1Oc1ccc(O)cc1)c1cc(O)c(C(=O)c2c(O)cccc2C(=O)O)c(O)c1
75629	O=C(OC1CNCC1Cc1ccc(O)cc1)c1cc(O)c(C(=O)c2c(O)cccc2C(=O)O)c(O)c1
76528	CCCC[C@@H]1C(=O)N[C@H](CO)C[C@]2(C)CC(CCCC)(CCCC)CC[C@@H]12
78520	OCCCNc1cc(-c2ccnc(Nc3cccc(Cl)c3)n2)ccn1
78560	O=C1Cc2c([nH]c3ccc([N+](=O)[O-])cc23)-c2ccccc2N1
78648	C=CC(=O)Nc1ccc2ncnc(Nc3cccc(Br)c3)c2n1
76561	CCCCCCCC[C@@H]1C(=O)N[C@H](CO)C[C@]2(C)CC(CCCC)(CCCC)CC[C@@H]12
76810	CCCCC1(CCCC)CC[C@H]2[C@H](C)C(=O)N[C@H](CO)C[C@]2(C)C1
83168	Cn1cc(C2=C(c3cn(C4CCN(Cc5ccccc5)CC4)c4ccccc34)C(=O)NC2=O)c2ccccc21
79572	C=CC(=O)Nc1cc2c(Nc3cccc(Br)c3)ncnc2cn1
79573	C=CC(=O)Nc1cc2c(Nc3cccc(C)c3)ncnc2cn1
79688	C=CC(=O)Nc1cc2c(Nc3ccc(F)c(Br)c3)ncnc2cn1
79799	C=CC(=O)Nc1ccc2ncnc(N3CCc4ccc(Br)cc43)c2c1
79800	C=CC(=O)Nc1ccc2ncnc(Nc3ccc(F)c(Br)c3)c2n1
79801	C=CC(=O)Nc1cc2c(Nc3ccc(F)c(Cl)c3)ncnc2cn1
75006	O=C(NC1CCCC1OC(=O)c1cc(O)c(C(=O)c2c(O)cccc2C(=O)O)c(O)c1)c1ccc(O)cc1
75007	O=C(NC1CNCC1OC(=O)c1cc(O)c(C(=O)c2c(O)cccc2C(=O)O)c(O)c1)c1ccc(O)cc1
80528	Nc1ccc2ncnc(Nc3cccc(Br)c3)c2c1
83189	CN1CCC(n2cc(C3=C(c4cn(C)c5ccccc45)C(=O)NC3=O)c3ccccc32)CC1
83217	Cn1cc(C2=C(c3cn(C4CCN(Cc5ccccn5)CC4)c4ccccc34)C(=O)NC2=O)c2ccccc21
81140	Cn1cc(C2=C(c3ccccc3Cl)C(=O)NC2=O)c2ccccc21
80121	C=CC(=O)Nc1ccc2c(Nc3cccc(Br)c3)ncnc2c1
80156	C=CC(=O)Nc1ccc2ncnc(Nc3cccc(C(F)(F)F)c3)c2c1
80234	C=CC(=O)Nc1ccc2ncnc(Nc3ccc(OCc4ccccc4)cc3)c2c1
80235	C=CC(=O)Nc1ccc2ncnc(Nc3ccc(Oc4ccccc4)cc3)c2c1
83299	CN1CCC(n2cc(C3=C(c4c[nH]c5ccccc45)C(=O)NC3=O)c3ccccc32)CC1
80354	C=CC(=O)Nc1ccc2ncnc(Nc3cccc(Cl)c3)c2c1
83315	CC(C)N1CCC(n2cc(C3=C(c4cn(C)c5ccccc45)C(=O)NC3=O)c3ccccc32)CC1
83354	CCN1CCC(n2cc(C3=C(c4cn(C)c5ccccc45)C(=O)NC3=O)c3ccccc32)CC1
83387	CN(C)C[C@@H]1CCn2cc(c3ccccc32)C2=C(C(=O)NC2=O)c2cn(c3ccccc23)CCO1.CS(=O)(=O)O
83427	Cn1cc(C2=C(c3cn(C4CCN(Cc5ccccc5)C4)c4ccccc34)C(=O)NC2=O)c2ccccc21
83500	Cn1cc(C2=C(c3cn(C4CCN(CC5CC5)CC4)c4ccccc34)C(=O)NC2=O)c2ccccc21
83665	Cn1cc(C2=C(c3cn(C4CCNCC4)c4ccccc34)C(=O)NC2=O)c2ccccc21
81680	Cn1cc(C2=C(c3cccs3)C(=O)NC2=O)c2ccccc21
84254	CCSCc1ccc2c(c1)c1c3c(c4c5cc(CSCC)ccc5n5c4c1n2C1C[C@](O)(C(=O)OC)[C@]5(C)O1)CNC3=O
81947	Cn1cc(C2=C(c3cccc(N)c3)C(=O)NC2=O)c2ccccc21
82117	CS(=O)(=O)Nc1cccc(O)c1C(=O)c1c(O)cc(C(=O)O[C@@H]2CCC[C@H]2NC(=O)c2ccc(O)cc2)cc1O
86289	CCS(=O)(=O)c1ccc2c(c1)/C(=C/c1[nH]c3c(c1CCCN(C)C)CCCC3)C(=O)N2
86347	CNS(=O)(=O)c1ccc2c(c1)/C(=C/c1[nH]c3c(c1CCC(N)=O)CCCC3)C(=O)N2
86372	CNS(=O)(=O)c1ccc2c(c1)/C(=C/c1[nH]c3c(c1CCCN(C)C)CCCC3)C(=O)N2
86446	CNS(=O)(=O)c1ccc2c(c1)/C(=C/c1[nH]c3c(c1CCCN1CCN(CC(=O)O)CC1)CCCC3)C(=O)N2
101371	C#Cc1cc(Nc2ncnc3cc(OC)c(OC)cc23)ccc1F
86531	CCOC(=O)CN1CCN(CCCc2c(/C=C3\C(=O)Nc4ccc(S(=O)(=O)NC)cc43)[nH]c3c2CCCC3)CC1
86593	CCS(=O)(=O)c1ccc2c(c1)/C(=C/c1[nH]c3c(c1CCCN1CCN(CC(=O)O)CC1)CCCC3)C(=O)N2
86796	CCS(=O)(=O)c1ccc2c(c1)/C(=C/c1[nH]c3c(c1CCCN1CCC(O)CC1)CCCC3)C(=O)N2
86830	CNS(=O)(=O)c1ccc2c(c1)/C(=C/c1[nH]c3c(c1CCCN1CCC(O)CC1)CCCC3)C(=O)N2
86853	CNS(=O)(=O)c1ccc2c(c1)/C(=C/c1[nH]c3c(c1CCCN1CCN(C)CC1)CCCC3)C(=O)N2
86890	CCS(=O)(=O)c1ccc2c(c1)/C(=C/c1[nH]c3c(c1CCC(N)=O)CCCC3)C(=O)N2
86923	CNS(=O)(=O)c1ccc2c(c1)/C(=C/c1[nH]c3c(c1CCCN1CCN(CCO)CC1)CCCC3)C(=O)N2
86941	CNS(=O)(=O)c1ccc2c(c1)/C(=C/c1[nH]c3c(c1CCCN1CCOCC1)CCCC3)C(=O)N2
87068	CCS(=O)(=O)c1ccc2c(c1)/C(=C/c1[nH]c3c(c1CCCN1CCN(C)CC1)CCCC3)C(=O)N2
88232	COc1cc2ncnc(Nc3ccc(F)c(Cl)c3)c2cc1OCCCN1CCOCC1
95813	O=C(N[C@@H]1CNCCC[C@H]1OC(=O)c1cc(O)c(C(=O)c2c(O)cccc2C(=O)O)c(O)c1)c1ccc(O)cc1
101939	O=C1NC(=O)C2=C1c1cn(c3ccccc13)CCO[C@H](CO)CCn1cc2c2ccccc21
102675	C#Cc1cccc(Nc2ncnc3cc(OC)c(OC)cc23)c1
82402	O=C(N[C@@H]1CCC[C@H]1OC(=O)c1cc(O)c(C(=O)c2c(O)cccc2C(=O)O)c(O)c1)c1ccc(O)cc1
83100	O=C(N[C@@H]1CCC[C@H]1OC(=O)c1cc(O)c(C(=O)c2c(O)cccc2-c2nn[nH]n2)c(O)c1)c1ccc(O)cc1
88882	CC(/C=C1\SC(=S)N(CC(=O)O)C1=O)=C\c1ccccc1
96465	O=C(N[C@@H]1CNC[C@H]1OC(=O)c1cc(O)c(C(=O)c2c(O)cccc2C(=O)O)c(O)c1)c1ccc(O)cc1
106882	O=C(N[C@H]1C[C@H](O)C[C@H]1OC(=O)c1cc(O)c(C(=O)c2c(O)cccc2C(=O)O)c(O)c1)c1ccc(O)cc1
106952	O=C(N[C@H]1COCCC[C@H]1OC(=O)c1cc(O)c(C(=O)c2c(O)cccc2C(=O)O)c(O)c1)c1ccc(O)cc1
107203	O=C(N[C@H]1CNCCC[C@H]1OC(=O)c1cc(O)c(C(=O)c2c(O)cccc2C(=O)O)c(O)c1)c1ccc(O)cc1
105349	CN(C)CCNC(=O)c1ccc(/C=N/Nc2ncnc3c2cnn3-c2cccc3[nH]cnc23)cc1
107503	O=C(N[C@H]1C[C@H](CO)C[C@H]1OC(=O)c1cc(O)c(C(=O)c2c(O)cccc2C(=O)O)c(O)c1)c1ccc(O)cc1
107504	NC[C@@H]1C[C@H](NC(=O)c2ccc(O)cc2)[C@H](OC(=O)c2cc(O)c(C(=O)c3c(O)cccc3C(=O)O)c(O)c2)C1
107505	NC[C@H]1C[C@H](NC(=O)c2ccc(O)cc2)[C@H](OC(=O)c2cc(O)c(C(=O)c3c(O)cccc3C(=O)O)c(O)c2)C1
107506	O=C(N[C@H]1C[C@@H](CO)C[C@H]1OC(=O)c1cc(O)c(C(=O)c2c(O)cccc2C(=O)O)c(O)c1)c1ccc(O)cc1
116377	O=C1Nc2ccc(I)cc2/C1=C/c1cc(Br)c(O)c(Br)c1
105822	Fc1ccc(/C=N/Nc2ncnc3c2cnn3-c2ccccc2)cc1
105937	CCOC(=O)c1cccc(O)c1C(=O)c1c(O)cc(C(=O)O[C@@H]2CNC[C@H]2NC(=O)c2ccc(O)cc2)cc1O
105938	COC(=O)c1cccc(O)c1C(=O)c1c(O)cc(C(=O)O[C@@H]2CNC[C@H]2NC(=O)c2ccc(O)cc2)cc1O
105946	COC(=O)c1cccc(O)c1C(=O)c1c(O)cc(C(=O)O[C@@H]2CCC[C@H]2NC(=O)c2ccc(O)cc2)cc1O
106223	N[C@@H]1C[C@H](NC(=O)c2ccc(O)cc2)[C@H](OC(=O)c2cc(O)c(C(=O)c3c(O)cccc3C(=O)O)c(O)c2)C1
106458	CC(=O)OCOC(=O)c1cccc(O)c1C(=O)c1c(O)cc(C(=O)O[C@@H]2CNC[C@H]2NC(=O)c2ccc(O)cc2)cc1O
106459	CC(C)(C)C(=O)OCOC(=O)c1cccc(O)c1C(=O)c1c(O)cc(C(=O)O[C@@H]2CNC[C@H]2NC(=O)c2ccc(O)cc2)cc1O
112236	O=C(N[C@@H]1CNCCCC1OC(=O)c1cc(O)c(C(=O)c2c(O)cccc2C(=O)O)c(O)c1)c1ccc(O)cc1
154324	COC(=O)c1cc(-c2ccc(F)cc2F)c2c(c1)N(c1c(Cl)cccc1Cl)C(=O)NC2
128763	CCCCCCCCCCCCCC(=O)O[C@@H]1[C@@H](C)[C@@]2(O)[C@@H](C=C(CO)C[C@]3(O)C(=O)C(C)=C[C@@H]23)[C@@H]2C(C)(C)[C@]12OC(C)=O
137020	Cc1cccc(Cl)c1Nc1nc2cc(N)ccc2n2cncc12
137652	CCCOc1ccc(/C=C2\SC(=O)NC2=O)cc1
144921	CN1CCN(C[C@@H]2CCn3cc(c4ccccc43)C3=C(C(=O)NC3=O)c3cn(c4ccccc34)CCO2)CC1
144959	CN(C)C[C@@H]1CCn2cc(c3ccccc32)C2=C(C(=O)NC2=O)c2cn(c3ccccc23)CCO1
145610	CNC[C@@H]1CCn2cc(c3ccccc32)C2=C(C(=O)NC2=O)c2cn(c3ccccc23)CCO1
151444	Oc1cc2ncnc(Nc3cccc(Br)c3)c2cc1O
119594	O=c1cc(-c2ccccc2)oc2c(O)c(O)ccc12
125475	CC(=O)N[C@@H](Cc1ccc(C(C(=O)O)C(=O)O)c(C(=O)O)c1)C(=O)N[C@H]1CCCCN(Cc2ccc(-c3ccccc3)cc2)C1=O
149233	CN(C)C/C=C/C(=O)Nc1ccc2ncnc(Nc3cccc(Br)c3)c2c1
149820	CC#CC(=O)Nc1ccc2ncnc(Nc3cccc(Br)c3)c2c1
150888	Nc1ccc2c(Nc3cccc(Br)c3)ncnc2c1
154609	COC(=O)c1cc(-c2ccccc2C)c2c(c1)N(c1c(Cl)cccc1Cl)C(=O)NC2
154624	COC(=O)c1cc(-c2ccc(F)cc2)c2c(c1)N(c1c(Cl)cccc1Cl)C(=O)NC2
154657	CCCCCCCC/C=C\CCCCCCC/C=C1\CC(CO)(COC(C)=O)OC1=O
154684	COC(=O)c1cc(-c2ccccc2Cl)c2c(c1)N(c1c(Cl)cccc1Cl)C(=O)NC2
155030	CCCC/C=C\CCCCCCC/C=C1\CC(CO)(COC(C)=O)OC1=O
155182	COC(=O)c1cc(-c2ccc(F)cc2C)c2c(c1)N(c1c(Cl)cccc1Cl)C(=O)NC2
155225	COC(=O)c1cc(-c2ccccc2F)c2c(c1)N(c1c(Cl)cccc1Cl)C(=O)NC2
155308	COC(=O)c1cc(-c2ccccc2)c2c(c1)N(c1c(Cl)cccc1Cl)C(=O)NC2
156308	COC(=O)[C@]1(O)C[C@H]2O[C@]1(C)n1c3ccccc3c3c4c(c5c6ccccc6n2c5c31)C(=O)NC4
169857	CN1CCOCCOCCN(C)CCn2cc(c3ccccc32)C2=C(C(=O)NC2=O)c2cn(c3ccccc23)CC1
160386	Nc1ncnc2c1c(I)cn2[C@@H]1O[C@H](CO)[C@@H](O)[C@H]1O
169920	CN1CCCn2cc(c3ccccc32)C2=C(C(=O)NC2=O)c2cn(c3ccccc23)CCOCCOCC1
169962	Cn1cc(C2=C(c3ccc(Cl)cc3Cl)C(=O)NC2=O)c2ccccc21
169993	CCN1CCOCCn2cc(c3ccccc32)C2=C(C(=O)NC2=O)c2cn(c3ccccc23)CCOCC1
170112	CN1CCOCCN(C)CCn2cc(c3ccccc32)C2=C(C(=O)NC2=O)c2cn(c3ccccc23)CC1
170144	CCN1CCOCCOCCn2cc(c3ccccc32)C2=C(C(=O)NC2=O)c2cn(c3ccccc23)CC1
170229	Cn1c(=O)c(-c2c(Cl)cccc2Cl)cc2cnc(Nc3ccc(P(=O)(O)CP(=O)(O)O)cc3)nc21
170284	CN(C)CCCn1c(=O)c(-c2c(Cl)cccc2Cl)cc2cnc(Nc3ccc(P(=O)(O)CP(=O)(O)O)cc3)nc21
179292	CCCCCCCC/C=C\CCCCCCC/C=C1/CC(CO)(COC(C)=O)OC1=O
169054	O=C(NOCC1CC1)c1ccc(F)c(F)c1Nc1ccc(I)cc1Cl
169457	O=S(=O)(NCCNC/C=C/c1ccc(Br)cc1)c1cccc2cnccc12
176272	Cc1cccc(Cl)c1Nc1nc2ccc(NCCCN3CCOCC3)cc2n2cncc12
176274	Cc1cccc(Cl)c1Nc1nc2ccc(N3CCN(C=O)CC3)cc2n2cncc12
176290	COC(=O)c1ccc2nc(Nc3c(C)cccc3Cl)c3cncn3c2c1
176338	Cc1cccc(Cl)c1Nc1nc2ccc(N)cc2n2cncc12
176418	O=[N+]([O-])c1ccc2nc(Nc3c(Cl)cccc3Cl)c3cncn3c2c1
176433	Cc1cccc(Cl)c1Nc1nc2cc(O)c(O)cc2n2cncc12
176544	Cc1cccc(Cl)c1Nc1nc2cc(NCCCN(C)C)ccc2n2cncc12
182337	CCCCCCCC/C=C1/CC(CO)(COC(=O)c2ccccc2)OC1=O
182355	O=C1OC(CO)(COC(=O)c2ccccc2)C/C1=C/c1ccc(-c2ccccc2)cc1
182356	CCCCCCCC/C=C1/CC(CO)(COC(=O)c2ccc(-c3ccccc3)cc2)OC1=O
183101	Cn1c(=O)c(-c2c(Cl)cccc2Cl)cc2cnc(Nc3ccc(O)cc3)nc21
172693	Cn1cc(/C=C2\C(=O)Nc3ccc(S(N)(=O)=O)cc32)c2ccccc21
172694	COc1ccc2c(c1)c(/C=C1\C(=O)Nc3ccc(S(N)(=O)=O)cc31)cn2C
172777	COc1ccc2[nH]cc(/C=C3\C(=O)Nc4ccc(S(N)(=O)=O)cc43)c2c1
172807	COc1ccc2c(c1)c(/C=C1\C(=O)Nc3ccc(S(=O)(=O)N(C)C)cc31)cn2C
172835	CNS(=O)(=O)c1ccc2c(c1)/C(=C/c1cn(C)c3ccc(OC)cc13)C(=O)N2
173334	NS(=O)(=O)c1ccc2c(c1)/C(=C/c1c[nH]c3ccccc13)C(=O)N2
193730	CCCCCCCC/C=C\CCCCCCC/C=C1/C[C@@](CO)(COC(C)=O)OC1=O
181684	O=C1OC(CO)(COC(=O)c2ccc(-c3ccccc3)cc2)C/C1=C/c1ccc(-c2ccccc2)cc1
181727	CCCCCCCCC/C=C1/CC(CO)(COC(=O)c2ccccc2)OC1=O
181760	CCCCCCCCC/C=C1/CC(CO)(COC(=O)c2ccc(-c3ccccc3)cc2)OC1=O
195134	COCCN(C)CCOc1ccc2[nH]c(-c3cc4ccccc4nc3O)cc2c1
195355	CN(C)CCCOc1ccc(-c2cnc3c(-c4ccsc4)cnn3c2)cc1
195653	O=C(O)C1CCN(CCCOc2ccc3[nH]c(-c4cc5ccccc5nc4O)cc3c2)CC1
190814	O=C(Nc1cccc2c1C(=O)c1c(-c3ccc(C(=O)N4CCNCC4)s3)n[nH]c1-2)NN1CCOCC1
193843	CCCCCCCC/C=C\CCCCCCC/C=C1\C[C@@](CO)(COC(C)=O)OC1=O
194549	CN1CCN(S(=O)(=O)c2ccc3[nH]c(-c4cc5ccccc5nc4O)cc3c2)CC1
198656	COc1ccc(C#CC(C)(C)N)cc1C(=O)c1ccc(Nc2ccc(F)cc2F)cc1
194553	O=S(=O)(c1ccc2[nH]c(-c3cc4ccccc4nc3O)cc2c1)N1CCNCC1
194554	NC1CCN(S(=O)(=O)c2ccc3[nH]c(-c4cc5ccccc5nc4O)cc3c2)C1
194563	O=S(=O)(NC1CCNC1)c1ccc2[nH]c(-c3cc4ccccc4nc3O)cc2c1
194654	COCCN(CCOc1ccc(-c2cnc3c(-c4ccsc4)cnn3c2)cc1)Cc1ccccc1
225425	Nc1ccc2ncnc(Nc3cccc(Cl)c3)c2c1
205165	COc1cc2c(N3CCN(C(=O)Nc4ccc(OC(C)C)cc4)CC3)ncnc2cc1OCCCN1CCCCC1
214952	O=C1NC(=O)C2=C1c1cn(c3ccccc13)CCOCCOCCOCCn1cc2c2ccccc21
214994	O=C1NC(=O)C2=C1c1cn(c3ccccc13)CCOCCOCCOCCn1cc2c2cccnc21
220898	O=Nc1c(-c2c(O)[nH]c3ccc(I)cc23)[nH]c2ccccc12
221482	CC(C)[C@H]1C(=O)N[C@H](CO)Cc2cc(NC(=O)CCCCCCCCCCCCC(=O)Nc3ccc4c(c3)N(C)[C@@H](C(C)C)C(=O)N[C@H](CO)C4)ccc2N1C
221993	COc1cc(OC)cc(-c2cc3cnc(NCCCN4CCOCC4)cc3nc2NC(=O)NC(C)(C)C)c1
210569	OCCN(CCO)c1cc2ncnc(Nc3cccc(Br)c3)c2cn1
210689	Brc1cccc(Nc2ncnc3cc(NCCCn4ccnc4)ncc23)c1
210896	Brc1cccc(Nc2ncnc3cc(NCCCN4CCOCC4)ncc23)c1
211077	Cc1cccc(Nc2ncnc3cc(NCCCn4ccnc4)ncc23)c1
218011	COc1cccc2nc(-c3cccs3)nc(NN3C(=O)C=C(C)C3=O)c12
218963	NS(=O)(=O)c1ccc(Nc2nccc(-c3ccc(S(=O)(=O)N4CCNCC4)cc3)n2)cc1
226418	CC(C)CC(C/C=C1\CC(CO)(COC(=O)C(C)(C)C)OC1=O)CC(C)C
231382	CCCCCCCC/C=C\CCCCCCC/C=C1/C[C@](/C=C2\CCOC2=O)(CO)OC1=O
228436	O=C(/C=C/C(=O)Nc1cc2c(Nc3cccc(Br)c3)ncnc2cn1)NCCCn1ccnc1
228463	O=C(/C=C/C(=O)Nc1cc2c(Nc3ccc(F)c(Cl)c3)ncnc2cn1)NCCCN1CCOCC1
228523	CCN(CC)CCCNC(=O)/C=C/C(=O)Nc1cc2c(Nc3cccc(Br)c3)ncnc2cn1
228550	O=C(/C=C/C(=O)Nc1cc2c(Nc3cccc(Br)c3)ncnc2cn1)NCCCN1CCOCC1
228551	CN(C)CCCNC(=O)/C=C/C(=O)Nc1cc2c(Nc3cccc(Br)c3)ncnc2cn1
231404	CCCCCCCC/C=C\CCCCCCCC/C=C1\C[C@@](CO)(COC(C)=O)OC1=O
231405	CCCCCCCC/C=C\CCCCCCC/C=C1\C[C@](/C=C2\CCOC2=O)(CO)OC1=O
231510	CCCCCCCC/C=C\CCCCCCCC/C=C1/C[C@@](CO)(COC(C)=O)OC1=O
231055	CCCCCCCC/C=C\CCCCCCCC/C=C1/C[C@](/C=C/C(=O)OC)(CO)OC1=O
231967	CCCCCCCC/C=C\CCCCCCCC/C=C1\C[C@](/C=C/C(=O)OC)(CO)OC1=O
236518	CC(C)(C)c1cc(NC(=O)Nc2ccc(OCCN3CCOCC3)c3ccccc23)n(-c2cccc(N)c2)n1
283868	COc1ccc(Cl)c(Nc2ncnc3cc(OCN4CCN(C)CC4)c(OC)cc23)c1
250364	NC1=N/C(=C2\CCNC(=O)c3[nH]c(Br)cc32)C(=O)N1
250854	COCCOc1cc2nncc(Nc3ccc(Cl)cc3F)c2cc1OC
264454	CCCCCCCCCCCC[C@H]1C(=O)N[C@H](CO)Cc2ccccc2N1C
273217	CCN(CC)CC(O)CNc1cc2c(Nc3cccc(Br)c3)ncnc2cn1
248691	COc1ccc(-c2[nH]nc3c2C(=O)c2c(NC(=O)CN4CCN(C(=N)N)CC4)cccc2-3)cc1
248805	NC(=O)Nc1cccc2c1C(=O)c1c(-c3csc(Cl)c3)n[nH]c1-2
262421	O=C1NC(=O)C(c2ccccc2[N+](=O)[O-])=C1Nc1ccc(Cl)c(C(=O)O)c1
262422	O=C1NC(=O)C(c2cccc([N+](=O)[O-])c2)=C1Nc1ccc(Cl)c(C(=O)O)c1
262665	COc1ccccc1C1=C(Nc2cccc(Cl)c2)C(=O)NC1=O
262695	COc1ccccc1C1=C(Nc2ccc(SC)cc2)C(=O)NC1=O
262821	O=C1NC(=O)C(c2cccc(Cl)c2)=C1Nc1ccc(O)c(Cl)c1
262939	COc1ccccc1C1=C(Nc2ccc(O)c(Cl)c2)C(=O)NC1=O
262940	O=C1NC(=O)C(c2ccccc2Cl)=C1Nc1ccc(O)c(Cl)c1
263351	O=C1NC(=O)C(c2ccccc2Cl)=C1Nc1cccc(Cl)c1
264427	CCCCCCCCCC[C@H]1C(=O)N[C@H](CO)Cc2ccccc2N1C
264428	CCCCCCCCCCCCCC[C@H]1C(=O)N[C@H](CO)Cc2ccccc2N1C
291635	Cn1cc(/C=C2\C(=O)Nc3cccnc32)c2ccccc21
285926	COc1cc[nH]c1/C=C1\C(=O)Nc2ccc(F)c(C#C[C@@H]3CCCN3)c21
286093	COc1cc[nH]c1/C=C1\C(=O)Nc2ccc(F)c(C#C[C@@H](O)[C@@H](N)[C@@H](C)O)c21
287552	Brc1cccc(Nc2ncnc3cc4nccnc4cc23)c1
293378	O=C(N[C@@H]1CCCC1OC(=O)c1cc(O)c(C(=O)c2c(O)cccc2C(=O)O)c(O)c1)c1ccc(O)cc1
294268	O=C(N[C@@H]1CNCC1OC(=O)c1cc(O)c(C(=O)c2c(O)cccc2C(=O)O)c(O)c1)c1ccc(O)cc1
294269	O=C(N[C@@H]1c2ccccc2CC1OC(=O)c1cc(O)c(C(=O)c2c(O)cccc2C(=O)O)c(O)c1)c1ccc(O)cc1
288751	CC(=O)O[C@@]12C[C@@H](C)[C@@]3(O)[C@@H](C=C(CO)C[C@]4(O)C(=O)C(C)=C[C@@H]34)[C@@H]1C2(C)C
296872	C=Cn1cc(C2=C(c3nn(CCCN(C)C)c4ccccc34)C(=O)NC2=O)c2ccccc21
302575	COc1cc(Cl)c(Cl)c(Nc2c(C#N)cnc3cc(/C=C/c4cnccn4)c(OC)cc23)c1
296896	CN(C)CCCn1nc(C2=C(c3cn(-c4ccccc4)c4ccccc34)C(=O)NC2=O)c2ccccc21
296900	CN(C)CCCn1nc(C2=C(c3cn(-c4ccc5ccccc5c4)c4ccccc34)C(=O)NC2=O)c2ccccc21
296913	CN(C)CCCn1nc(C2=C(c3cn(-c4cccs4)c4ccccc34)C(=O)NC2=O)c2ccccc21
296917	CN(C)CCCn1nc(C2=C(c3cn(-c4cccc5ccccc45)c4ccccc34)C(=O)NC2=O)c2ccccc21
296926	CN(C)CCCn1nc(C2=C(c3cn(-c4cccnc4)c4ccccc34)C(=O)NC2=O)c2ccccc21
296954	CN(C)CCCn1nc(C2=C(c3cn(-c4cncc5ccccc45)c4ccccc34)C(=O)NC2=O)c2ccccc21
296955	CN(C)CCCn1nc(C2=C(c3cn(-c4cnc5ccccc5c4)c4ccccc34)C(=O)NC2=O)c2ccccc21
296975	O=C1NC(=O)C(c2nn(CCCN3CCOCC3)c3ccccc23)=C1c1cn(-c2ccc3ccccc3c2)c2ccccc12
302584	COc1ccc(Cl)c(Nc2c(C#N)cnc3cc(/C=C/c4ccncc4)c(OC)cc23)c1
302600	COc1cc(Cl)c(Cl)c(Nc2c(C#N)cnc3cc(/C=C/c4ncc[nH]4)ccc23)c1
300622	CC(C)c1cnn2c(Nc3ccc(S(=O)(=O)N(C)C)cc3)cc(O[C@H]3CC[C@H](N)CC3)nc12
302603	COc1cc2c(Nc3cc(OC)c(OC)c(OC)c3)c(C#N)cnc2cc1/C=C/c1ccncc1
300669	CN(C)S(=O)(=O)c1ccc(Nc2cc(N[C@H]3CC[C@H](N)CC3)nc3c(Cl)cnn23)cc1
300686	CN(C)S(=O)(=O)c1ccc(Nc2cc(N[C@H]3CC[C@H](N)CC3)nc3c(Br)cnn23)cc1
300694	CN(C)S(=O)(=O)c1ccc(Nc2cc(N[C@H]3CC[C@H](N)CC3)nc3c(Br)cnn23)cc1Cl
300751	O=C1NC(=O)C(c2cncc3ccoc23)=C1c1cn2c3c(cccc13)CN(C(=O)N1CCOCC1)CC2
300788	CN(C)C(=O)N1CCn2cc(C3=C(c4cnc5ccccn45)C(=O)NC3=O)c3cccc(c32)C1
300793	CN(C)S(=O)(=O)c1ccc(Nc2cc(N[C@H]3CC[C@H](N)CC3)nc3c(C4CCCC4)cnn23)cc1
300799	O=C1NC(=O)C(c2cnc3ccccn23)=C1c1cn2c3c(cccc13)CN(C(=O)N1CCCCC1)CC2
300815	O=C1NC(=O)C(c2cnc3cccnn23)=C1c1cn2c3c(cccc13)CN(C(=O)N1CCCCC1)CC2
300825	O=C1NC(=O)C(c2cnc3ccccn23)=C1c1cn2c3c(cccc13)CN(C(=O)N1CCOCC1)CC2
300832	CN(C)S(=O)(=O)c1ccc(Nc2cc(N[C@H]3CC[C@H](N)CC3)nc3c(C#N)cnn23)cc1
300841	O=C1NC(=O)C(c2cn3c4c(cccc24)CNCC3)=C1c1coc2ccccc12
300863	ClCCNc1ccc2ncnc(Nc3cccc(Br)c3)c2c1
300868	ClCCNc1ccc2ncnc(Nc3cccc(Cl)c3)c2c1
298832	CCN(CC)S(=O)(=O)c1ccc(OC)c(Nc2ncc(-c3ccccc3)o2)c1
303216	Cn1c(=O)c(-c2c(Cl)cccc2Cl)cc2cnc(Nc3ccc(OCCCC(=O)O)cc3)nc21
299120	CCOc1cc2ncc(C#N)c(Nc3ccc(OCc4ccccn4)c(Cl)c3)c2cc1NC(=O)/C=C/CN(C)C
301324	Cc1ccc(Nc2ncnn3cc(C(=O)NCCCN4CCCC4)c(C(C)C)c23)cc1O
301364	Cc1ccc(Nc2ncnn3cc(C(=O)NCCCn4nccn4)c(C)c23)cc1O
301383	Cc1ccc(Nc2ncnn3cc(NC(=O)OCCCn4nccn4)c(C(C)C)c23)cc1O
301402	CCCc1c(C(=O)OCC)cn2ncnc(Nc3ccc(C)c(O)c3)c12
301439	COC(=O)c1cn2ncnc(Nc3ccc(C)c(O)c3)c2c1C
301449	CCOC(=O)c1cn2ncnc(Nc3ccc(C)c(O)c3)c2c1C(C)C
301676	Cc1ccc(Nc2ncnn3cc(NC(=O)OCCCN4CCCCC4)c(C(C)C)c23)cc1O
301693	Cc1ccc(Nc2ncnn3cc(OCCCN4CCCCC4)c(C(C)C)c23)cc1O
301724	Cc1ccc(Nc2ncnn3cc(NC(=O)NCCCN4CCCCC4)c(C(C)C)c23)cc1O
310146	Cc1ccc(NC(=O)c2ccnc(N3CCOCC3)c2)cc1Nc1ccnc(Cl)n1
302356	COc1ccc(C)c(Nc2c(C#N)cnc3cc(/C=C/c4ccncc4)ccc23)c1
302459	COc1ccc(Cl)c(Nc2c(C#N)cnc3cc(/C=C/c4ccncc4)ccc23)c1
302480	COc1cc(Cl)c(Cl)c(Nc2c(C#N)cnc3cc(/C=C/c4ncc[nH]4)c(OC)cc23)c1
302495	COc1cc(Nc2c(C#N)cnc3cc(/C=C/c4cc[n+]([O-])cc4)ccc23)c(Cl)cc1Cl
302510	COc1cc(Nc2c(C#N)cnc3cc(/C=C/c4cc[n+]([O-])cc4)c(OC)cc23)c(Cl)cc1Cl
302527	COc1cc(Nc2c(C#N)cnc3cc(/C=C/c4ccncc4)ccc23)cc(OC)c1OC
302538	COc1cc(Nc2c(C#N)cnc3cc(/C=C/c4cc[n+]([O-])cc4)ccc23)cc(OC)c1OC
307656	Cc1cccc(NC(=O)Nc2ccc(-c3ccc(NC(=O)c4cccnc4)c4c3CNC4=O)cc2)c1
307979	NC1=NC(=O)/C(=C2\CCNC(=O)c3[nH]c(Br)cc32)N1
308039	Cc1cccc(NC(=O)Nc2ccc(-c3ccc(N)c4c3CNC4=O)cc2)c1
308567	CC(C)OCc1ccc2c(c1)c1c3c(c4c(c1n2CCCCC(=O)N(C)C)Cc1ccccc1-4)C(=O)NC3
308852	O=C1NC(=O)C(c2cn(CCCN3CCCCC3)c3ccccc23)=C1Nc1ccccc1
308898	O=C1NC(=O)C(c2cn(CCCN3CCCC3)c3ccccc23)=C1Nc1ccccc1
308935	CN1CCN(CCCn2cc(C3=C(Nc4ccccc4)C(=O)NC3=O)c3ccccc32)CC1
308995	O=C1NC(=O)C(c2cn(CCCn3ccnc3)c3ccccc23)=C1Nc1ccccc1
309106	CN(C)CCn1cc(C2=C(Nc3ccccc3)C(=O)NC2=O)c2ccccc21
309125	Cc1cccc(NC2=C(c3cn(CCCN(C)C)c4ccccc34)C(=O)NC2=O)c1
309158	O=C1NC(=O)C(c2cn(CCCO)c3ccccc23)=C1Nc1ccccc1
309191	CN(C)CCCn1cc(C2=C(Nc3ccccc3)C(=O)NC2=O)c2ccccc21
309204	CN(C)CCCCn1cc(C2=C(Nc3ccccc3)C(=O)NC2=O)c2ccccc21
309210	CN(C)CCCn1cc(C2=C(Nc3cccc(Cl)c3)C(=O)NC2=O)c2ccccc21
309320	COc1cc2c(N3CCN(/C(S)=N\Cc4ccc(-c5ccccc5)nc4)CC3)c(C#N)cnc2cc1OCCCN1CCCCC1
309321	COc1cc2c(N3CCN(/C(S)=N\Cc4ccc(C(F)(F)F)nc4)CC3)c(C#N)cnc2cc1OCCCN1CCCCC1
309377	COc1cc2c(N3CCN(/C(S)=N\c4ccc(C#N)cc4)CC3)c(C#N)cnc2cc1OCCCN1CCCCC1
309418	COc1cc2c(N3CCN(/C(S)=N\Cc4ccc(-c5ccccc5)nc4)CC3)ncnc2cc1OCCCN1CCCCC1
309431	COc1cc2c(N3CCN(/C(S)=N\Cc4ccc5c(c4)OCO5)CC3)ncnc2cc1OCCN1CCCC1
309472	COc1cc2c(N3CCN(/C(S)=N\Cc4ccc(Cl)nc4)CC3)ncnc2cc1OCCCN1CCCCC1
309507	COc1cc2c(N3CCN(/C(S)=N\Cc4ccc(C(F)(F)F)nc4)CC3)ncnc2cc1OCCCN1CCCCC1
309508	COc1cc2c(N3CCN(/C(S)=N\Cc4ccc(C(F)(F)F)nc4)CC3)ncnc2cc1OCCCN1CCOCC1
309517	COc1cc2c(N3CCN(/C(S)=N\Cc4ccc5c(c4)OCO5)CC3)ncnc2cc1OCCN1CCCCC1
314759	CCn1c(-c2nonc2N)nc2c(Cl)nccc21
314939	CCCCNC(=O)Nc1ccc(N(C)c2ccnc(Nc3cccc(CS(C)(=O)=O)c3)n2)cc1
305149	O=C1NC(=O)/C(=C/c2cccc(C(F)(F)F)c2)S1
306497	CCCCCOc1cccc(O)c1-c1cc(C2CCNCC2)c(C#N)c(N)n1
306546	CCCCCCOc1cccc(O)c1-c1cc(C2CCNCC2)c(C#N)c(N)n1
306581	CCCCOc1cccc(O)c1-c1cc(C2CCNCC2)c(C#N)c(N)n1
306650	CCCCCCCOc1cccc(O)c1-c1cc(C2CCCNC2)c(C#N)c(N)n1
306729	CCCCCOc1cccc(O)c1-c1cc(C2CCCNC2)c(C#N)c(N)n1
312822	COc1ccc2c(-c3ccnc(Nc4ccc([N+](=O)[O-])cc4)n3)cnn2n1
313041	O=[N+]([O-])c1ccc(Nc2nccc(-c3cnn4ncccc34)n2)cc1
315237	NCCCCn1c(-c2nonc2N)nc2cnccc21
310205	Cc1ccc(NC(=O)c2ccnc(N3CCOCC3)c2)cc1Nc1ccnc(OCCCN(C)C)n1
311711	Cc1cc2c3c(c1)c(C1=C(c4cnc5ccccn45)C(=O)NC1=O)cn3CCN(C(=O)N1CCCCC1)C2
319603	CC(C)S(=O)(=O)n1c(N)nc2ccc(-c3[nH]c(-c4c(Cl)cccc4Cl)nc3-c3ccccc3)cc21.CS(=O)(=O)O
319604	CS(=O)(=O)O.CS(=O)(=O)O.Nc1nc2ccc(-c3[nH]c(-c4c(F)cccc4F)nc3-c3ccccc3)cc2n1S(=O)(=O)C1CCCC1
319806	CC(=O)c1c(C)c2cnc(Nc3ccc(N4CCNCC4)cc3)nc2n(C2CCCC2)c1=O
319827	CC(C)c1nc(-c2ccc(F)cc2)c(-c2ccc3nc(N)n(S(=O)(=O)C(C)C)c3c2)[nH]1.CS(=O)(=O)O
319828	CC(C)(C)c1nc(-c2ccc(F)cc2F)c(-c2ccc3nc(N)n(S(=O)(=O)C(C)(C)C)c3c2)[nH]1.CS(=O)(=O)O
319858	CC(=O)c1c(C)c2cnc(Nc3ccc(N4CCNCC4)cn3)nc2n(C2CCCC2)c1=O
319970	CCc1nc(-c2ccc(F)cc2)c(-c2ccc3nc(N)n(S(=O)(=O)C(C)C)c3c2)[nH]1.CS(=O)(=O)O
319971	CC(C)S(=O)(=O)n1c(N)nc2ccc(-c3[nH]c(C(C)(C)C)nc3-c3ccc(F)cc3F)cc21.CS(=O)(=O)O
314463	CN(c1ccc(NC(=O)Nc2cc(C(F)(F)F)ccc2F)cc1)c1ccnc(Nc2cccc(S(N)(=O)=O)c2)n1
314465	CC(=O)c1ccc(NC(=O)Nc2ccc(N(C)c3ccnc(Nc4cccc(CS(C)(=O)=O)c4)n3)cc2)cc1
314467	CN(c1ccc(NC(=O)Nc2ccc(OC(F)(F)F)cc2)cc1)c1ccnc(Nc2cccc(S(N)(=O)=O)c2)n1
317802	CN1CCN(CCCNc2cc3nc(NC(=O)NC(C)(C)C)c(-c4c(Cl)cccc4Cl)cc3cn2)CC1
317813	CCN(CC)CCCCCNc1cc2nc(NC(=O)NC(C)(C)C)c(-c3cc(OC)cc(OC)c3)cc2cn1
317832	CCNC(=O)Nc1nc2nc(NCCCN3CCN(C)CC3)ncc2cc1-c1cc(OC)cc(OC)c1
317897	CCNC(=O)Nc1nc2cc(NCCCN3CCN(C)CC3)ncc2cc1-c1cc(OC)cc(OC)c1
317904	COc1cc(OC)cc(-c2cc3cnc(NCCCCO)cc3nc2NC(=O)NC(C)(C)C)c1
317923	COc1cc(OC)cc(-c2cc3cnc(NCCCN4CCN(C)CC4)nc3nc2NC(=O)NC(C)(C)C)c1
317927	COc1cc(OC)cc(-c2cc3cnc(NCCCCN4CCN(C)CC4)cc3nc2NC(=O)NC(C)(C)C)c1
317928	CCNC(=O)Nc1nc2cc(NCCCCN(CC)CC)ncc2cc1-c1c(Cl)cccc1Cl
311715	O=C1NC(=O)C(c2cnc3ccccn23)=C1c1cn2c3c(cc(F)cc13)CN(C(=O)N1CCCCC1)CC2
311730	O=c1c2c(O)cc(O)cc2oc2c(O)ccc(O)c12
317951	CCNC(=O)Nc1nc2cc(NCCCN3CCN(C)CC3)ncc2cc1-c1c(Cl)cccc1Cl
312022	CC(C)OC(=O)N1CCn2cc(C3=C(c4cnc5ccccn45)C(=O)NC3=O)c3cccc(c32)C1
317955	CCN(CC)CCCCNc1ncc2cc(-c3cc(OC)cc(OC)c3)c(NC(=O)NC(C)(C)C)nc2n1
318019	N#C/C(=C1/Nc2ccccc2S1)c1ccnc(NCCc2cccnc2)n1
318043	CCN(CC)CCCCNc1cc2nc(NC(=O)NC(C)(C)C)c(-c3cc(OC)cc(OC)c3)cc2cn1
318044	COc1cc(OC)cc(-c2cc3cnc(NCCCCCN4CCN(C)CC4)cc3nc2NC(=O)NC(C)(C)C)c1
318093	COc1cc(OC)cc(-c2cc3cnc(NCCCCN4CCOCC4)cc3nc2NC(=O)NC(C)(C)C)c1
318102	COc1cc(OC)cc(-c2cc3cnc(NCCCO)cc3nc2NC(=O)NC(C)(C)C)c1
318166	COc1cc(OC)cc(-c2cc3cnc(NCCCCCO)cc3nc2NC(=O)NC(C)(C)C)c1
318216	CCN(CC)CCCNc1cc2nc(NC(=O)NC(C)(C)C)c(-c3cc(OC)cc(OC)c3)cc2cn1
318241	COc1cc(OC)cc(-c2cc3cnc(NCCCN4CCN(C)CC4)cc3nc2NC(=O)NC(C)(C)C)c1
318245	CCN(CC)CCCCNc1cc2nc(NC(=O)NC(C)(C)C)c(-c3c(Cl)cccc3Cl)cc2cn1
318247	CCNC(=O)Nc1nc2cc(NCCCCN(CC)CC)ncc2cc1-c1cc(OC)cc(OC)c1
318248	COc1cc(OC)cc(-c2cc3cnc(NCCCCCN4CCOCC4)cc3nc2NC(=O)NC(C)(C)C)c1
318424	CCCCCCCCCCn1cc2c(N)ncnc2n1
318458	CCCCCCCCCCCn1cc2c(N)ncnc2n1
320142	CC(C)S(=O)(=O)n1c(N)nc2ccc(-c3[nH]cnc3-c3ccc(F)cc3)cc21.CS(=O)(=O)O.CS(=O)(=O)O
320143	CC(C)S(=O)(=O)n1c(N)nc2ccc(-c3[nH]c(C(C)(C)C)nc3-c3ccc(F)cc3)cc21.CS(=O)(=O)O.CS(=O)(=O)O
322739	CONC(=O)c1cc(Nc2ncnn3cc(-c4nnc(CS(C)(=O)=O)o4)c(C(C)C)c23)c(F)cc1F
318619	CCCCCCCCC(O)Cn1cc2c(N)ncnc2n1
318672	CCCCCCCCCn1cc2c(N)ncnc2n1
318765	O=C(CCl)Nc1ccc2ncnc(Nc3cccc(Br)c3)c2c1
318766	O=C(CCl)Nc1ccc2ncnc(Nc3cccc(I)c3)c2c1
318900	COc1cc2ncnc(Nc3cc(Cl)c(Cl)cc3F)c2cc1OC
318901	C=CC(=O)Nc1ccc2ncnc(Nc3cc(Cl)c(Cl)cc3F)c2c1
318952	O=C(CCl)Nc1ccc2ncnc(Nc3cc(Cl)c(Cl)cc3F)c2c1
319049	CN(C)C/C=C/C(=O)Nc1ccc2ncnc(Nc3cc(Cl)c(Cl)cc3F)c2c1
319116	CN(C)C/C=C/C(=O)Nc1ccc2ncnc(Nc3cccc(I)c3)c2c1
319420	CN(C)S(=O)(=O)n1c(N)nc2ccc(-c3[nH]c(-c4c(F)cccc4F)nc3-c3ccccc3)cc21.CS(=O)(=O)O.CS(=O)(=O)O
324746	NC(=O)c1ccc2[nH]c(-c3ccc(S(=O)(=O)Nc4ccc(Cl)cc4)cc3)nc2c1
322746	CONC(=O)c1cc(Nc2ncnn3cc(-c4nnc(C(C)C)o4)c(C(C)C)c23)c(F)cc1F
322771	CONC(=O)c1cc(Nc2ncnn3cc(-c4nnc(CC(F)(F)F)o4)c(C(C)C)c23)c(F)cc1F
322813	CONC(=O)c1cc(Nc2ncnn3cc(-c4nnc(C)o4)c(C(C)C)c23)c(F)cc1F
322828	CONC(=O)c1cc(Nc2ncnn3cc(-c4nnc(CC(C)C)o4)c(C(C)C)c23)c(F)cc1F
322830	CONC(=O)c1cc(Nc2ncnn3cc(-c4nnc(CC5CC5)o4)c(C(C)C)c23)c(F)cc1F
327598	COc1cc(ON2CCC(C)CC2)c2c(Nc3ccc(OCc4ccccn4)c(Cl)c3)ncnc2c1
322912	CONC(=O)c1cc(Nc2ncnn3cc(-c4ncc(C)o4)c(C(C)C)c23)c(F)cc1F
322928	CCc1nnc(-c2cn3ncnc(Nc4cc(C(=O)NOC)c(F)cc4F)c3c2C(C)C)o1
322981	CONC(=O)c1cc(Nc2ncnn3cc(-c4nnc(C5CC5)o4)c(C(C)C)c23)c(F)cc1F
323122	CCOC(=O)c1cn2ncnc(Nc3cc(C(=O)NOC)c(F)cc3F)c2c1C(C)C
323144	CONC(=O)c1cc(Nc2ncnn3cc(NC(=O)OCCCS(C)(=O)=O)c(C(C)C)c23)c(F)cc1F
323146	CONC(=O)c1cc(Nc2ncnn3cc(-c4nnc(N(C)C)o4)c(C(C)C)c23)c(F)cc1F
323352	CO[C@H]1[C@H](O)[C@@H](O)[C@H](n2c3c(Cl)cccc3c3c4c(c5c6cccc(Cl)c6[nH]c5c32)C(=O)NC4=O)O[C@@H]1CO
324325	NC(=O)c1ccc2[nH]c(-c3ccc(S(=O)(=O)Nc4ccc(Cl)c(Cl)c4)cc3)nc2c1
328446	CC(C)CC(C/C=C1\CC(CO)(COC(=O)C(C)(C)C)OC1=S)CC(C)C
328454	CC(C)CC(C/C=C1\CC(CO)(COC(=S)C(C)(C)C)OC1=O)CC(C)C
328720	COc1cc(Nc2c(C#N)cnc3cc4cc(OC)c(OCCN5CCOCC5)cc4cc23)c(Cl)cc1Cl
328737	COc1cc(Nc2c(C#N)cnc3cc4cc(OC)c(OCCN5CCN(C)CC5)cc4cc23)c(Cl)cc1Cl
328744	COc1cc(Nc2c(C#N)cnc3cc4cc(OC)c(OCCN5CCC(O)CC5)cc4cc23)c(Cl)cc1Cl
328752	COc1cc(Nc2c(C#N)cnc3cc4cc(OC)c(OCCN5CCOCC5)cc4cc23)c(Cl)cc1C
328753	COc1cc2cc3ncc(C#N)c(Nc4cc(OC)c(OC)c(OC)c4)c3cc2cc1OCCN1CCN(C)CC1
328760	COc1cc2cc3ncc(C#N)c(Nc4cc(OC)c(OC)c(OC)c4)c3cc2cc1OCCN1CCOCC1
328767	COc1cc2cc3ncc(C#N)c(Nc4ccc(Cl)cc4Cl)c3cc2cc1OCCN1CCOCC1
328778	COc1cc(Nc2c(C#N)cnc3cc4cc(OCCN5CCOCC5)c(OC)cc4cc23)c(C)cc1Cl
328787	COc1cc(Nc2c(C#N)cnc3cc4cc(OCCN5CCN(C)CC5)c(OC)cc4cc23)c(C)cc1Cl
328794	COc1cc(Nc2c(C#N)cnc3cc4cc(OCCN5CCOCC5)c(OC)cc4cc23)c(Cl)cc1Cl
328801	COc1cc(Nc2c(C#N)cnc3cc4cc(OCCN5CCN(C)CC5)c(OC)cc4cc23)c(Cl)cc1Cl
328809	COc1cc(Nc2c(C#N)cnc3cc4cc(OCCN5CCC(O)CC5)c(OC)cc4cc23)c(Cl)cc1Cl
328817	COc1cc(Nc2c(C#N)cnc3cc4cc(OCCN5CCOCC5)c(OC)cc4cc23)c(Cl)cc1C
328825	COc1cc(Nc2c(C#N)cnc3cc4cc(OCCN5CCC(O)CC5)c(OC)cc4cc23)c(Cl)cc1C
328830	COc1cc(Nc2c(C#N)cnc3cc4cc(OCCN5CCOCC5)c(OC)cc4cc23)c(Cl)cc1F
328831	COc1cc2cc3c(Nc4cc(OC)c(OC)c(OC)c4)c(C#N)cnc3cc2cc1OCCN1CCN(C)CC1
328837	COc1cc(Nc2c(C#N)cnc3cc4cc(OC)c(OCCN5CCOCC5)cc4cc23)c(C)cc1Cl
328838	COc1cc2cc3c(Nc4cc(OC)c(OC)c(OC)c4)c(C#N)cnc3cc2cc1OCCN1CCOCC1
328843	COc1cc(Nc2c(C#N)cnc3cc4cc(OC)c(OCCN5CCN(C)CC5)cc4cc23)c(C)cc1Cl
328844	COc1cc2cc3c(Nc4ccc(Cl)cc4Cl)c(C#N)cnc3cc2cc1OCCN1CCOCC1
328937	CCc1nc(-c2cccc(C)c2)c(-c2ccnc(NCCCc3ccccc3)c2)s1
326992	CCc1c(C(=O)NCCCn2ccnc2)cn2ncnc(Nc3ccc4c(cnn4Cc4ccccc4)c3)c12
324372	NC(=O)c1ccc2[nH]c(-c3ccc([S+]([O-])c4ccc(Cl)cc4)cc3)nc2c1
324481	N#CNc1ccc(Nc2ncc(C(F)(F)F)c(Nc3ccc4[nH]cnc4c3)n2)cc1NC#N
324626	NC(=O)c1ccc2[nH]c(-c3ccc(S(=O)(=O)Nc4ccccc4)cc3)nc2c1
332333	CCOC1=C(Cl)C(=O)C(Nc2ncnc3cc(OCCOC)c(OC)cc23)=CC1=O
334494	COC(=O)C(C)(C)N1CCC(c2cc(-c3ccc(F)cc3Cl)c3ccc(=O)n(-c4c(Cl)cccc4Cl)c3c2)CC1
332474	CCNc1cccc(OC2=CC(=O)C(Nc3ncnc4cc(OCCOC)c(OC)cc34)=CC2=O)c1
332510	CC(=O)c1cccc(-c2cnc3ccc(NCC4CC4)nn23)c1
332520	COC1=CC(=O)C(Nc2ncnc3cc(OCC4CCN(C)CC4)c(OC)cc23)=CC1=O
335021	CN(C)CCCNC(=O)c1nc(-c2ccc(Cl)c(O)c2)c(-c2ccncc2)[nH]1
332591	COC1=CC(=O)C(Nc2ncnc3cc(OCCCN4CCCC4)c(OC)cc23)=CC1=O
335022	CC(C)(CNS(C)(=O)=O)c1nc(-c2ccc(Cl)c(O)c2)c(-c2ccncc2)[nH]1
335157	O/N=C1/CCc2cc(-c3[nH]c(-c4ccccc4)nc3-c3ccncc3)ccc21
333353	COc1ccc(Cl)c(Nc2ncnc3cc(OCCCN4CCOCC4)cc(OC4CCOCC4)c23)c1
333360	COc1ccc(Cl)c(Nc2ncnc3cc(OCCCN4CCOCC4)cc(OC(C)C)c23)c1
333362	COc1ccc(Cl)c(Nc2ncnc3cc(OCCCN4CCOCC4)cc(OC4CCOCC4)c23)n1
333368	COc1cnc(Cl)c(Nc2ncnc3cc(OCCCN4CCOCC4)cc(OC4CCOCC4)c23)c1
333369	COc1cnc(Cl)c(Nc2ncnc3cc(OCCCN4CCOCC4)cc(OC(C)C)c23)c1
331010	O=C(NCCCN1CCOCC1)c1cccc(-c2[nH]nc3cc(Nc4ccccc4Cl)ccc23)c1
331023	CN(C)CCNC(=O)c1cccc(-c2[nH]nc3cc(Nc4ccccc4Cl)ccc23)c1
331054	CN1C(=O)N[C@H](Cc2c[nH]c3c(Cl)cccc23)C1=O
335158	O/N=C1/CCCc2cc(-c3[nH]c(-c4ccccc4)nc3-c3ccncc3)ccc21
335185	O/N=C/c1ccc(-c2[nH]c(-c3ccccc3)nc2-c2ccncc2)cc1O
335191	O/N=C/c1ccc(-c2[nH]c(-c3ccccc3)nc2-c2ccncc2)cc1Cl
333476	COc1cnc(Cl)c(Nc2ncnc3cc(OCCN4CCN(C(C)=O)CC4)cc(OC(C)C)c23)n1
335192	C/C(=N\O)c1ccc(-c2[nH]c(-c3ccccc3)nc2-c2ccncc2)cc1
335282	O/N=C/c1ccc(-c2[nH]c(-c3ccccc3)nc2-c2ccncc2)cc1
335302	O=C1Nc2cc(-c3ccc(O)cc3)ccc2/C1=C/c1cc[nH]c1
335310	COc1cc(O)ccc1-c1ccc2c(c1)NC(=O)/C2=C\c1cc[nH]c1
335386	O=C(c1ccc(Nc2nccc(-c3ccc(CCCCO)s3)n2)cc1)N1CCC(N2CCCC2)CC1
333719	COc1ccc(Cl)c(Nc2ncnc3cc(OCCCN4CCCC4)cc(OC(C)C)c23)n1
331500	O=C1c2ccccc2-c2n[nH]c3cccc1c23
335502	COc1cc(-c2ccc3c(c2)NC(=O)/C3=C\c2cc[nH]c2)ccc1O
335518	COc1cc(-c2ccc3c(c2)NC(=O)/C3=C\c2c[nH]c3ncccc23)ccc1O
335519	COc1cc(-c2ccc3c(c2)NC(=O)/C3=C\c2ncc[nH]2)ccc1O
335535	COc1cc(-c2ccc3c(c2)NC(=O)/C3=C\c2ccc[nH]2)ccc1O
335771	CC1=CC[C@@H]2[C@@H](C1)c1c(O)cc(C(C)(C)CCCCBr)cc1OC2(C)C
336059	Cn1cc(C(=O)NOCC2CC2)c(Nc2ccc(Br)cc2F)c(F)c1=O
334427	COC(=O)C(C)N1CCC(c2cc(-c3ccc(F)cc3Cl)c3ccc(=O)n(-c4c(Cl)cccc4Cl)c3c2)CC1
339243	C#CC(=O)Nc1cc2c(Nc3cccc(Br)c3)ncnc2cn1
339245	O=C(C#CCCN1CCOCC1)Nc1cc2c(Nc3ccc(F)c(Cl)c3)ncnc2cn1
339254	O=C(C#CCCN1CCOCC1)Nc1cc2c(Nc3ccc(F)c(Br)c3)ncnc2cn1
339255	O=C(C#CCCN1CCCCC1)Nc1cc2c(Nc3ccc(F)c(Cl)c3)ncnc2cn1
336098	Cn1cc(C(=O)NOCCO)c(Nc2ccc(Br)cc2F)cc1=O
336104	Cn1cc(C(=O)NOCCO)c(Nc2ccc(Br)cc2F)c(F)c1=O
336105	Cc1c(Nc2ccc(Br)cc2F)c(C(=O)NOCCO)cn(C)c1=O
336153	Cn1cc(C(=O)NO)c(Nc2ccc(Br)cc2F)c(F)c1=O
339471	CC#CC(=O)Nc1cc2c(Nc3ccc(F)c(Cl)c3)ncnc2cn1
339473	CCCC#CC(=O)Nc1cc2c(Nc3ccc(F)c(Cl)c3)ncnc2cn1
339482	CN1CCN(CCC#CC(=O)Nc2cc3c(Nc4ccc(F)c(Cl)c4)ncnc3cn2)CC1
339488	CN1CCN(CCC#CC(=O)Nc2cc3c(Nc4ccc(F)c(Br)c4)ncnc3cn2)CC1
342034	N[C@H](CNc1cnc(Cl)c(/C=C/c2ccncc2)c1)Cc1c[nH]c2ccccc12
340449	CC(C)CC(C/C=C1/CC(CO)(COC(=O)c2ccccc2)OC1=O)CC(C)C
340452	CC(C)CC(C/C=C1/CC(CO)(COC(=O)CC(CC(C)C)CC(C)C)OC1=O)CC(C)C
340456	CC(C)CC(C/C=C1\CC(CO)(COC(=O)c2ccccc2)OC1=O)CC(C)C
340457	CC(C)CC(C/C=C1/CC(/C=C/C(=O)OC(C)(C)C)(CO)OC1=O)CC(C)C
340744	CC(C)CC(C/C=C1/CCC(CO)(COC(=O)C(C)(C)C)OC1=O)CC(C)C
340823	CC(C)CC(C/C=C1/C[C@@](CO)(COC(=O)C(C)(C)C)OC1=O)CC(C)C
340828	CCCCCC(=O)OCC1(CO)C/C(=C/CC(CC(C)C)CC(C)C)C(=O)O1
340829	CCCCCC(=O)OCC1(CO)C/C(=C\CC(CC(C)C)CC(C)C)C(=O)O1
340837	CCCCCCCC(=O)OCC1(CO)C/C(=C/CC(CC(C)C)CC(C)C)C(=O)O1
338477	COc1cc(C2=C(c3c[nH]c4ccccc34)C(=O)NC2=O)cc(OC)c1OC
338603	C#CC(=O)Nc1ccc2ncnc(Nc3cccc(Br)c3)c2c1
338755	O=C(C#CCO)Nc1ccc2ncnc(Nc3ccc(F)c(Cl)c3)c2c1
338756	CCN(CC)CC#CC(=O)Nc1ccc2ncnc(Nc3ccc(F)c(Cl)c3)c2c1
338763	CCCCC#CC(=O)Nc1cc2c(Nc3ccc(F)c(Cl)c3)ncnc2cn1
338764	CCN(CC)CC#CC(=O)Nc1cc2c(Nc3ccc(F)c(Cl)c3)ncnc2cn1
338996	CCN(CC)CCC#CC(=O)Nc1ccc2ncnc(Nc3ccc(F)c(Cl)c3)c2c1
338997	CCCCN(CC#CC(=O)Nc1cc2c(Nc3ccc(F)c(Cl)c3)ncnc2cn1)CCCC
339004	O=C(C#CCN1CCOCC1)Nc1cc2c(Nc3ccc(F)c(Cl)c3)ncnc2cn1
340899	CCCCCCCC(=O)OCC1(CO)C/C(=C\CC(CC(C)C)CC(C)C)C(=O)O1
342043	N[C@H](CNc1cncc(/C=C/c2ccncc2)c1)Cc1c[nH]c2ccccc12
342327	N[C@H](COc1cnc(Cl)c(/C=C/c2ccncc2)c1)Cc1c[nH]c2ccccc12
339066	CC(C)N(CC#CC(=O)Nc1ccc2ncnc(Nc3ccc(F)c(Cl)c3)c2c1)C(C)C
339072	O=C(C#CCCN1CCOCC1)Nc1ccc2ncnc(Nc3ccc(F)c(Cl)c3)c2c1
342789	N[C@H](COc1cncc(/C=C/c2ccncc2)c1)Cc1c[nH]c2ccccc12
344408	COc1cc(N)c(Cl)cc1NC(=O)Nc1cnc(C#N)cn1
344509	Cn1cc(/C=C2\C(=O)NN=C2c2cnccn2)c2cc3c(cc21)OCO3
342970	Cc1cc2c(F)c(Oc3ncnn4cc(OCCCN5CCCC5)c(C)c34)ccc2[nH]1
344640	COCCOCC(=O)Nc1cc(OC)c(NC(=O)Nc2cnc(C#N)cn2)cc1Cl
344647	COc1cc(NC(=O)COC(C)=O)c(Cl)cc1NC(=O)Nc1cnc(C#N)cn1
344656	COC(=O)CCC(=O)Nc1cc(OC)c(NC(=O)Nc2cnc(C#N)cn2)cc1Cl
344689	CCOCCC(=O)Nc1cc(OC)c(NC(=O)Nc2cnc(C#N)cn2)cc1Cl
344756	COC(=O)CCCCCCC(=O)Nc1cc(OC)c(NC(=O)Nc2cnc(C#N)cn2)cc1Cl
346710	COCCN(Cc1cc2c(Nc3cccc(Cl)c3F)ncnc2cc1OC)[C@@H](C)C(N)=O
344829	Cn1cc(/C=C2\C(=O)NN=C2c2cnccn2)c2cc(F)ccc21
343122	COC(=O)c1ccc(-c2cc(-c3c[nH]nc3-c3ccccn3)ccn2)cc1
343183	ClCCOc1ccc(-c2cc(-c3c[nH]nc3-c3ccccn3)ccn2)cc1
345006	Cn1cc(/C=C2\C(=O)NN=C2c2cnccn2)c2cc(Cl)ccc21
345007	COc1ccc2c(c1)c(/C=C1\C(=O)NN=C1c1cnccn1)cn2C
345015	Cn1cc(/C=C2\C(=O)NN=C2c2cnccn2)c2c(F)cccc21
345016	Cn1cc(/C=C2\C(=O)NN=C2c2cnccn2)c2c(Cl)cccc21
345028	COc1cc(C=O)c(Cl)cc1NC(=O)Nc1cnc(C#N)cn1
343190	CC(=O)COc1ccc(-c2cc(-c3c[nH]nc3-c3ccccn3)ccn2)cc1
343457	Cc1cc2c(F)c(Oc3ncnn4cc(OCCCN5CCCCC5)c(C)c34)ccc2[nH]1
345224	Cn1cc(/C=C2\C(=O)NN=C2c2cnccn2)c2c(Br)cccc21
345225	COc1cccc2c1c(/C=C1\C(=O)NN=C1c1cnccn1)cn2C
345247	CN(C)CCOCCOc1cc(N2CCCC2)c(NC(=O)Nc2cnc(C#N)cn2)cc1Cl
347039	COCC[C@@H](C(N)=O)N(C)Cc1cc2c(Nc3cccc(Cl)c3F)ncnc2cc1OC
345527	CS(=O)(=O)CCNC(=O)NCc1cccc(C#Cc2cncnc2Nc2ccc(OCc3cccc(F)c3)c(Cl)c2)n1
345532	OCc1cccc(C#Cc2cncnc2Nc2ccc(OCc3cccc(F)c3)c(Cl)c2)n1
345536	NCc1cccc(C#Cc2cncnc2Nc2ccc(OCc3cccc(F)c3)c(Cl)c2)n1
345537	CNC(=O)NCc1cccc(C#Cc2cncnc2Nc2ccc(OCc3cccc(F)c3)c(Cl)c2)n1
343522	COC(=O)c1cn2ncnc(Oc3ccc4[nH]c(C)cc4c3F)c2c1C
345692	Nc1ccc(C#Cc2cncnc2Nc2ccc(OCc3cccc(F)c3)c(Cl)c2)cc1
345702	CC(=O)Nc1cccc(C#Cc2cncnc2Nc2ccc(OCc3cccc(F)c3)c(Cl)c2)c1
343537	COc1cc2nccc(Oc3ccc(NC(=S)NC(=O)Cc4ccccc4)cc3)c2cc1OC
348398	C#Cc1ncc(OC[C@@H](N)Cc2c[nH]c3ccccc23)cc1-c1ccc2cnccc2c1
345832	Fc1cccc(COc2ccc(Nc3ncncc3C#Cc3ccccn3)cc2Cl)c1
345838	Nc1nccc(C#Cc2cncnc2Nc2ccc(OCc3cccc(F)c3)c(Cl)c2)n1
345951	COC(=O)CCCC(=O)Nc1cccc(C#Cc2cncnc2Nc2ccc(OCc3cccc(F)c3)c(Cl)c2)c1
347707	Nc1c(-c2cncc(OC[C@@H](N)Cc3c[nH]c4ccccc34)c2)ccc2cnccc12
347710	N[C@H](COc1cncc(-c2ccc3cnc(F)cc3c2)c1)Cc1c[nH]c2ccccc12
348469	N[C@H](COc1cnc(Cl)c(-c2ccc3cnccc3c2)c1)Cc1c[nH]c2ccccc12
348672	CCCCCCCCC/C=C1\CC(CO)(COC(=O)c2ccccc2)OC1=O
351041	O=Nc1c(O)[nH]c2ccc(N[C@H](COc3cncc(-c4ccc5[nH]c(O)c(N=O)c5c4)c3)Cc3c[nH]c4ccccc34)cc12
348678	COc1cccc(C(=O)OCC2(CO)C/C(=C/CC(C(C)C)C(C)C)C(=O)O2)c1
348680	CCCCCCCCC/C=C1\CC(CO)(COC(=O)C2CCCCC2)OC1=O
348701	CCCCCCCCC/C=C1/CC(CO)(COC(=O)C2CCCCC2)OC1=O
348328	COc1ccc(/C=C2\CC(CO)(COC(=O)CC(C(C)C)C(C)C)OC2=O)cc1
348706	CC(C)C(C/C=C1/CC(CO)(COC(=O)c2ccccc2O)OC1=O)C(C)C
348708	CC(C)C(C/C=C1\CC(CO)(COC(=O)c2ccccc2)OC1=O)C(C)C
348709	CC(C)C(C/C=C1/CC(CO)(COC(=O)c2ccccc2)OC1=O)C(C)C
348727	COc1ccccc1C(=O)OCC1(CO)C/C(=C/CC(C(C)C)C(C)C)C(=O)O1
348759	CC(C)C(CC(=O)OCC1(CO)C/C(=C\c2ccccc2O)C(=O)O1)C(C)C
348761	N[C@H](COc1cc(-c2ccc3cnccc3c2)cnc1Cl)Cc1c[nH]c2ccccc12
348766	CC(C)C(CC(=O)OCC1(CO)C/C(=C\c2cccc(O)c2)C(=O)O1)C(C)C
348767	CC(C)C(CC(=O)OCC1(CO)C/C(=C\c2ccc(O)cc2)C(=O)O1)C(C)C
349111	CCCCCCC/C=C1\CC(CO)(COC(=O)CCc2ccccc2)OC1=O
351339	CC(=O)N1CCN(C(=O)c2cc(Sc3cnc(Nc4cccc(Br)n4)s3)ccc2O)CC1
349112	CCCCCCC/C=C1/CC(CO)(COC(=O)CCc2ccccc2)OC1=O
349125	O=C(NCCCl)Nc1ccc2ncnc(Nc3cccc(Cl)c3)c2c1
351636	O=C(O)C1CCN(C(=O)c2cc(Sc3cnc(Nc4cccc(Br)n4)s3)ccc2O)CC1
349154	O=C(NCCCl)Nc1ccc2ncnc(Nc3cccc(Br)c3)c2c1
349208	CC(C)C(C/C=C1\CC(CO)(COC(=O)C2CCCCC2)OC1=O)C(C)C
349209	CC(C)C(C/C=C1/CC(CO)(COC(=O)C2CCCCC2)OC1=O)C(C)C
349324	CC(C)C(CC(=O)OCC1(CO)C/C(=C\Cc2ccccc2)C(=O)O1)C(C)C
351952	COC(=O)c1ccc2[nH]nc(-c3nc4cc(N5CCC(N6CCCCC6)CC5)ccc4[nH]3)c2c1
349325	CC(C)C(CC(=O)OCC1(CO)C/C(=C\CCc2ccccc2)C(=O)O1)C(C)C
349353	CCCCCC/C=C1\CC(CO)(COC(=O)CCCc2ccccc2)OC1=O
349356	COc1ccccc1/C=C1\CC(CO)(COC(=O)CC(C(C)C)C(C)C)OC1=O
349357	COc1cccc(/C=C2\CC(CO)(COC(=O)CC(C(C)C)C(C)C)OC2=O)c1
349384	CCCCCC/C=C1/CC(CO)(COC(=O)CCCc2ccccc2)OC1=O
349468	COc1ccc(C(=O)OCC2(CO)C/C(=C/CC(C(C)C)C(C)C)C(=O)O2)cc1
354027	COc1cc(Nc2c(C#N)cnc3cc(C#Cc4ccc(CN(C)C)s4)c(OC)cc23)c(Cl)cc1Cl
354028	COc1cc(Nc2c(C#N)cnc3cc(C#Cc4cccc(CN(C)C)c4)c(OC)cc23)c(Cl)cc1Cl
354068	COc1cc(Nc2c(C#N)cnc3cc(C#Cc4ccc(CN5CCN(C)CC5)cn4)c(OC)cc23)c(Cl)cc1Cl
354069	COc1cc(Nc2c(C#N)cnc3cc(C#Cc4ccc(CN(C)C)cc4)c(OC)cc23)c(Cl)cc1Cl
354104	COc1cc(Nc2c(C#N)cnc3cc(C#Cc4cccc(CCN5CCN(C)CC5)n4)c(OC)cc23)c(Cl)cc1Cl
354105	COc1cc(Nc2c(C#N)cnc3cc(C#Cc4cccc(CN5CCN(C)CC5)n4)c(OC)cc23)c(Cl)cc1Cl
354106	CCOc1cc2c(Nc3cc(OC)c(Cl)cc3Cl)c(C#N)cnc2cc1C#Cc1cccc(CN(C)C)n1
354107	COc1cc(Nc2c(C#N)cnc3cc(C#Cc4cccc(CN(C)C)n4)ccc23)c(Cl)cc1Cl
349589	CC(C)C(CC(=O)OCC1(CO)C/C(=C\c2ccccc2)C(=O)O1)C(C)C
354166	COc1cc(Nc2c(C#N)cnc3cc(C#Cc4cc(CN(C)C)ccn4)c(OC)cc23)c(Cl)cc1Cl
354168	COc1cc(Nc2c(C#N)cnc3cc(C#Cc4cncc(CN(C)C)c4)c(OC)cc23)c(Cl)cc1Cl
354197	COc1cc(Nc2c(C#N)cnc3cc(C#Cc4cccc(CCN(C)C)n4)c(OC)cc23)c(Cl)cc1Cl
354227	COc1cc(Nc2c(C#N)cnc3cc(C#Cc4ccc(CN(C)C)cn4)c(OC)cc23)c(Cl)cc1Cl
354258	COc1cc(Nc2c(C#N)cnc3cc(C#Cc4cccc(CN(C)C)n4)c(OC)cc23)c(Cl)cc1Cl
361146	COc1ccc(F)cc1C(=O)c1cnc(NC2CCN(S(C)(=O)=O)CC2)nc1N
354452	COc1cc2c(Nc3cc(OC)c(OC)c(OC)c3)c(C#N)cnc2cc1C#Cc1cccc(CN(C)C)n1
354666	CNc1nccc(-c2ccc(C(=O)N[C@@H](Cc3ccc(Cl)cc3Cl)CN(C)C)s2)n1
354702	CNc1nccc(-c2ccc(C(=O)N[C@H](CCN)Cc3ccc(Cl)cc3Cl)s2)n1
355222	COCCNc1nc(-c2ccc(Cl)cc2Cl)c2c(n1)N(c1c(Cl)cccc1Cl)C(=O)NC2
358245	Cc1ccc(C(=O)Nc2cccc(C(F)(F)F)c2C)cc1-c1ccc2nc(NCCCN3CCOCC3)ncc2c1
358300	O=S(=O)(CCOCc1ccc(-c2ccc3ncnc(Nc4ccc(OCc5cccc(F)c5)c(Cl)c4)c3c2)o1)c1ccccc1
358302	CCCN(CCS(C)(=O)=O)Cc1ccc(-c2ccc3ncnc(Nc4ccc(OCc5cccc(F)c5)c(Cl)c4)c3c2)o1
358303	CS(=O)(=O)CCN(CC#N)Cc1ccc(-c2ccc3ncnc(Nc4ccc(OCc5cccc(F)c5)c(Cl)c4)c3c2)o1
358343	CCCS(=O)(=O)CCNCc1ccc(-c2ccc3ncnc(Nc4ccc(OCc5cccc(F)c5)c(Cl)c4)c3c2)o1
358344	CC(C)S(=O)(=O)CCNCc1ccc(-c2ccc3ncnc(Nc4ccc(OCc5cccc(F)c5)c(Cl)c4)c3c2)o1
358388	[O-][S+]1CCN(Cc2ccc(-c3ccc4ncnc(Nc5ccc(OCc6cccc(F)c6)c(Cl)c5)c4c3)o2)CC1
358405	CS(=O)(=O)CCNCc1ccc(-c2ccc3ncnc(Nc4ccc(OCc5ccccc5)cc4)c3c2)o1
358430	[O-][S+]1CCN(Cc2ccc(-c3ccc4ncnc(Nc5ccc(OCc6ccccc6)c(F)c5)c4c3)o2)CC1
358448	CS(=O)(=O)CCNCc1ccc(-c2ccc3ncnc(Nc4ccc(OCc5cccc(F)c5)cc4)c3c2)o1
358465	[O-][S+]1CCN(Cc2ccc(-c3ccc4ncnc(Nc5ccc(OCc6ccccc6)c(Cl)c5)c4c3)o2)CC1
358520	O=S(=O)(CCNCc1ccc(-c2ccc3ncnc(Nc4ccc(OCc5cccc(F)c5)c(C(F)(F)F)c4)c3c2)o1)c1ccccn1
358521	Cn1ccnc1S(=O)(=O)CCNCc1ccc(-c2ccc3ncnc(Nc4ccc(OCc5cccc(F)c5)c(C(F)(F)F)c4)c3c2)o1
358551	CS(=O)(=O)CCOCc1ccc(-c2ccc3ncnc(Nc4ccc(OCc5cccc(F)c5)c(Cl)c4)c3c2)o1
358702	CS(=O)(=O)CCNCc1ccc(-c2ccc3ncnc(Nc4ccc(OCc5ccccc5)c(Cl)c4)c3c2)o1
358731	CS(=O)(=O)CCNCc1ccc(-c2ccc3ncnc(Nc4ccc(OCc5ccccc5)c(Br)c4)c3c2)o1
359136	COc1cc2ncnc(Nc3cccc(Cl)c3F)c2cc1OC1CCN(S(C)(=O)=O)CC1
359165	COc1cc2ncnc(Nc3cccc(Cl)c3F)c2cc1OCCCN1CCOCC1
359169	COc1cc2ncnc(Nc3cc(Cl)ccc3F)c2cc1OC1CCN(S(C)(=O)=O)CC1
355473	O=C1NC(=O)c2c1c(-c1ccccc1Cl)cc1[nH]c3ccc(O)cc3c21
355527	O=C1NC(=O)c2c1c(-c1ccsc1)cc1[nH]c3ccc(O)cc3c21
355559	O=C1NC(=O)c2c1c(-c1cc[nH]c1)cc1[nH]c3ccc(O)cc3c21
355640	Nc1cc(-c2ccccc2Cl)c2c(c1)N(c1c(Cl)cccc1Cl)C(=O)NC2
355673	O=C1NCc2c(-c3ccccc3Cl)nc(NN3CCOCC3)nc2N1c1c(Cl)cccc1Cl
355738	COc1ccccc1-c1cc2[nH]c3ccc(O)cc3c2c2c1C(=O)NC2=O
355741	CC(C)c1nnc2ccc(-c3ocnc3-c3cc(F)c(Cl)cc3F)cn12
355742	CC(C)c1nnc2ccc(-c3ocnc3-c3cc(F)c(F)cc3Cl)cn12
355774	CC(C)c1nnc2ccc(-c3ocnc3-c3cc(F)c(F)c(F)c3)cn12
355775	CC(C)c1nnc2ccc(-c3ocnc3-c3cc(F)c(F)cc3F)cn12
355821	COc1cc(N)ccc1-c1cc2[nH]c3ccc(O)cc3c2c2c1C(=O)NC2=O
355841	CC(C)c1nnc2ccc(-c3ocnc3-c3ccc(F)c(F)c3F)cn12
355849	Nc1ccc(Cl)c(-c2cc3[nH]c4ccc(O)cc4c3c3c2C(=O)NC3=O)c1
355850	O=C1NC(=O)c2c1c(-c1c(Cl)cccc1Cl)cc1[nH]c3ccc(O)cc3c21
355851	COc1cccc(OC)c1-c1cc2[nH]c3ccc(O)cc3c2c2c1C(=O)NC2=O
355852	COc1cccc(F)c1-c1cc2[nH]c3ccc(O)cc3c2c2c1C(=O)NC2=O
355883	COc1cccc(Cl)c1-c1cc2[nH]c3ccc(O)cc3c2c2c1C(=O)NC2=O
355884	O=C1NC(=O)c2c1c(-c1c(Cl)ccc(O)c1Cl)cc1[nH]c3ccc(O)cc3c21
355914	Nc1ccc(-c2cc3[nH]c4ccc(O)cc4c3c3c2C(=O)NC3=O)cc1
355915	Nc1ccc(-c2cc3[nH]c4ccc(O)cc4c3c3c2C(=O)NC3=O)c(Br)c1
355932	O=C1NC(=O)c2c1c(-c1ccccc1Br)cc1[nH]c3ccc(O)cc3c21
355933	O=C1NC(=O)c2c1c(-c1ccccc1I)cc1[nH]c3ccc(O)cc3c21
355944	O=C1NC(=O)c2c1c(-c1cccc(Cl)c1Cl)cc1[nH]c3ccc(O)cc3c21
355945	O=C1NC(=O)c2c1c(-c1cccc(O)c1Cl)cc1[nH]c3ccc(O)cc3c21
355975	Nc1cccc(-c2cc3[nH]c4ccc(O)cc4c3c3c2C(=O)NC3=O)c1Cl
355976	O=C1NC(=O)c2c1c(-c1ccc(O)cc1Cl)cc1[nH]c3ccc(O)cc3c21
355978	Fc1cc(F)c(-c2ncoc2-c2ccc3nnc(C4CC4)n3c2)cc1F
355979	CC1(c2nnc3ccc(-c4ocnc4-c4cc(F)c(F)cc4F)cn23)CC1
356005	O=C1NC(=O)c2c1c(-c1ccc(O)cc1)cc1[nH]c3ccc(O)cc3c21
356007	Nc1ccc(-c2cc3[nH]c4ccc(O)cc4c3c3c2C(=O)NC3=O)c(Cl)c1
356009	Fc1cc(F)c(-c2ncoc2-c2ccc3nnc(C4CCC4)n3c2)cc1F
356010	CC1(c2nnc3ccc(-c4ocnc4-c4cc(F)c(F)cc4F)cn23)CCC1
356057	CC(C)(C)c1nnc2ccc(-c3ocnc3-c3cc(F)c(F)cc3F)cn12
356251	COc1ccc(N(C(=O)Oc2c(C)cccc2C)c2ccnc(Nc3ccc(OCCCN4CCN(C)CC4)c(OC)c3)n2)c(OC)c1
356252	COc1ccc(N(C(=O)Oc2c(C)cccc2C)c2ccnc(Nc3cc(OC)c(OCCCN4CCN(C)CC4)c(OC)c3)n2)c(OC)c1
356253	COc1ccc(N(C(=O)Oc2c(C)cccc2C)c2ccnc(Nc3ccc(OCCCN4CCN(C)CC4)c(F)c3)n2)c(OC)c1
356254	COc1ccc(N(C(=O)Oc2c(C)cccc2C)c2ccnc(Nc3ccc(OCCCN4CCCCC4)c(F)c3)n2)c(OC)c1
356600	COc1ccc(N(C(=O)Oc2c(C)cccc2C)c2ccnc(Nc3ccc(OCCCN(C)C)cc3)n2)c(OC)c1
361170	COc1cccc(F)c1C(=O)c1cnc(NC2CCN(S(C)(=O)=O)CC2)nc1N
361192	CS(=O)(=O)N1CCC(Nc2ncc(C(=O)c3c(F)cccc3F)c(N)n2)CC1
361203	COc1ccc(F)c(F)c1C(=O)c1cnc(NC2CCN(S(C)(=O)=O)CC2)nc1N
361215	COc1ccccc1C(=O)c1cnc(NC2CCN(S(C)(=O)=O)CC2)nc1N
361226	COc1cc(F)c(F)cc1C(=O)c1cnc(NC2CCN(S(C)(=O)=O)CC2)nc1N
357786	CNc1ncc2cc(-c3cc(C(=O)Nc4cc(C(F)(F)F)ccc4N4CC(C)(C)C4=O)ccc3C)ccc2n1
361236	COc1cc(F)c(F)c(F)c1C(=O)c1cnc(NC2CCN(S(C)(=O)=O)CC2)nc1N
361313	COc1cc(OCCCN2CCCC2)cc2ncnc(Nc3c(Cl)ccc4c3OCO4)c12
361329	COc1cc2c(Nc3c(Cl)ccc4c3OCO4)ncnc2cc1OCCCN1CCCC1
361387	Cc1cccc(Cl)c1NC(=O)c1cnc(Nc2cccc(NCCCN3CCOCC3)n2)s1
361435	Clc1ccc2c(c1Nc1ncnc3cc(OCCCN4CCCC4)cc(OC4CCOCC4)c13)OCO2
363822	CC(C)Cn1c2ccc(N)cc2c2c3c(c4c(c21)CCc1nn(C)cc1-4)C(=O)NC3
363846	CCCn1c2ccc(NC(=O)Nc3ccc(C)cc3)cc2c2c3c(c4c(c21)CC(C=N)=CC4)C(=O)NC3
361441	Cc1nc(NCCCN2CCOCC2)cc(Nc2ncc(C(=O)Nc3c(C)cccc3Cl)s2)n1
361478	COc1ccc(Cl)c(Nc2ncnc3cc(OCCCN4CCOCC4)cc(OC4CCCCC4)c23)c1
363000	CC(CO)/N=C(\N)c1c(O)nsc1Nc1ccc(Oc2ccccc2)cc1
363941	CCCn1c2ccc(N)cc2c2c3c(c4c(c21)CCc1nn(C)cc1-4)C(=O)NC3
364128	Cc1cc(O)cc(C)c1/C=C/c1cncc(-c2nn[nH]n2)c1
363016	CC(CO)/N=C(\N)c1c(O)nsc1Nc1ccc(Oc2cc(Cl)ccc2Cl)cc1
363018	CC(CO)/N=C(\N)c1c(O)nsc1Nc1ccc(Oc2cc(Cl)ccc2Cl)c(F)c1
363020	CC(CO)/N=C(\N)c1c(O)nsc1Nc1ccc(Oc2cc(F)ccc2Cl)c(Cl)c1
363022	CC(CO)/N=C(\N)c1c(O)nsc1Nc1ccc(Oc2cccc(F)c2F)cc1
363023	CC(CO)/N=C(\N)c1c(O)nsc1Nc1ccc(Oc2cccc(Cl)c2Cl)c(Cl)c1
363025	CC(CO)/N=C(\N)c1c(O)nsc1Nc1ccc(Oc2cc(Cl)cc(Cl)c2)cc1
363032	CC(CO)/N=C(\N)c1c(O)nsc1Nc1ccc(Oc2cc(F)cc(F)c2Cl)c(F)c1
363046	CC(O)C/N=C(\N)c1c(O)nsc1Nc1ccc(Oc2cc(Cl)ccc2Cl)cc1
363055	COc1cc2c(Nc3cc(CC(=O)Nc4ccccc4)[nH]n3)ncnc2cc1OCCCN1CCC(CO)CC1
363056	COc1cc2c(Nc3cc(CC(=O)Nc4ccccc4F)[nH]n3)ncnc2cc1OCCCN1CCC(CO)CC1
363057	COc1cc2c(Nc3cc(CC(=O)Nc4cccc(F)c4)[nH]n3)ncnc2cc1OCCCN1CCC(CO)CC1
364877	O=C1Nc2ccccc2/C1=C1/Nc2ccccc2/C1=N\O
363058	COc1cc2c(Nc3cc(CC(=O)Nc4ccc(F)cc4)[nH]n3)ncnc2cc1OCCCN1CCC(CO)CC1
363059	COc1cc2c(Nc3cc(CC(=O)Nc4cccc(F)c4F)[nH]n3)ncnc2cc1OCCCN1CCC(CO)CC1
363060	COc1cc2c(Nc3cc(CC(=O)Nc4cc(F)cc(F)c4)[nH]n3)ncnc2cc1OCCCN1CCC(CO)CC1
363061	COc1cc2c(Nc3cc(CC(=O)Nc4cccc(Cl)c4)[nH]n3)ncnc2cc1OCCCN1CCC(CO)CC1
363065	COc1cccc(NC(=O)Cc2cc(Nc3ncnc4cc(OCCCN5CCC(CO)CC5)c(OC)cc34)[nH]n2)c1
363066	COc1cc2c(Nc3cc(CC(=O)Nc4cccc(C(F)(F)F)c4)[nH]n3)ncnc2cc1OCCCN1CCC(CO)CC1
363067	COc1cc2c(Nc3cc(CC(=O)Nc4cccc(F)c4F)[nH]n3)ncnc2cc1OCCCN1CCC[C@@H]1CO
366515	Nc1ncc(C#Cc2ccc(F)c(C(=O)Nc3cccc(C(F)(F)F)c3)c2)cn1
366516	Cc1ccc(C(=O)Nc2cc(C(F)(F)F)ccc2N2CCCCC2)cc1C#Cc1cnc(N)nc1
366541	Cc1ccc(C(=O)Nc2cccc(C(F)(F)F)c2)cc1C#Cc1ccc(N)nc1
366542	Cc1ccc(C(=O)Nc2cccc(C(F)(F)F)c2)cc1C#Cc1cnc2[nH]cnc2c1
363072	COc1cc2c(Nc3cc(CC(=O)Nc4cccc(F)c4)[nH]n3)ncnc2cc1OCCCN1CCC[C@@H]1CO
363073	COc1cc2c(Nc3cc(CC(=O)Nc4cccc(F)c4)[nH]n3)ncnc2cc1OCCCNCCO
363075	CCN(CCO)CCCOc1cc2ncnc(Nc3cc(CC(=O)Nc4cccc(F)c4)[nH]n3)c2cc1OC
363076	CCCN(CCO)CCCOc1cc2ncnc(Nc3cc(CC(=O)Nc4cccc(F)c4)[nH]n3)c2cc1OC
363078	CCCN(CCO)CCCOc1cc2ncnc(Nc3cc(CC(=O)Nc4cccc(F)c4F)[nH]n3)c2cc1OC
363079	COc1cc2c(Nc3cc(CC(=O)Nc4cccc(F)c4F)[nH]n3)ncnc2cc1OCCCN(CCO)CC(C)C
363083	CCN(CCO)CCCOc1ccc2c(Nc3cc(CC(=O)Nc4cccc(F)c4)[nH]n3)ncnc2c1
363089	CCN(CCCOc1ccc2c(Nc3cc(CC(=O)Nc4cccc(F)c4)[nH]n3)ncnc2c1)CCOP(=O)(O)O
368316	O=C1c2ccccc2C(=O)N1CCCN(c1ccc(=O)n(-c2ccccc2Cl)n1)c1ccccc1Cl
366564	Cc1ccc(C(=O)Nc2cccc(C(F)(F)F)c2)cc1C#Cc1cnc2ccccc2c1
366590	Cc1ccc(C(=O)Nc2cccc(C(F)(F)F)c2)cc1C#Cc1cnc(N)nc1
366594	Cc1ccc(C(=O)Nc2cccc(C(F)(F)F)c2)cc1C#Cc1cnc2ccccc2n1
366595	Nc1ncc(C#Cc2cccc(C(=O)Nc3cccc(C(F)(F)F)c3)c2)cn1
366607	O=C1NC(=O)c2c1c1c(c3[nH]c4ccccc4c23)CCc2ccccc2-1
366615	CNc1nccc(-c2cccnc2Oc2ccc(F)c(C(=O)Nc3cc(C(F)(F)F)ccc3N(C)CCCN(C)C)c2)n1
366622	CNc1ncnc(-c2cccnc2Oc2ccc(F)c(C(=O)Nc3cc(C(F)(F)F)ccc3N(C)CCCN(C)C)c2)n1
366632	CNc1ncnc(-c2cccnc2Oc2ccc(F)c(C(=O)Nc3cc(C(C)C)ccc3N(C)CCCN(C)C)c2)n1
366634	CNc1ncnc(-c2cccnc2Oc2ccc(F)c(C(=O)Nc3cc(C4CC4)ccc3N(C)CCCN(C)C)c2)n1
366663	CN(C)[C@H]1CCCN(c2ccc(C(F)(F)F)cc2NC(=O)c2cc(C#Cc3cnc(N)nc3)ccc2F)C1
366669	CN[C@H]1CCCN(c2ccc(C(F)(F)F)cc2NC(=O)c2cc(C#Cc3cnc(N)nc3)ccc2F)C1
366670	Nc1ncc(C#Cc2ccc(F)c(C(=O)Nc3cc(C(F)(F)F)ccc3N3CCC[C@H](N)C3)c2)cn1
366811	Nc1ncc(C#Cc2ccc(F)c(C(=O)Nc3cc(C(F)(F)F)ccc3N3CCCCC3)c2)cn1
366825	COc1ccc(C#Cc2cnc(N)nc2)cc1C(=O)Nc1cc(C(F)(F)F)ccc1N1CCCCC1
366826	CN(C)CCCN(C)c1ccc(C(F)(F)F)cc1NC(=O)c1cc(C#Cc2cnc(N)nc2)ccc1F
366835	CN1CCN(c2ccc(C(F)(F)F)cc2NC(=O)c2cc(C#Cc3cnc(N)nc3)ccc2F)CC1
365403	CCn1c(-c2nonc2N)nc2cnc(Oc3cccc(C(C)=O)c3)cc21
365405	CCn1c(-c2nonc2N)nc2cnc(Oc3cccc(N)c3)cc21
368317	O=C1c2ccccc2C(=O)N1CCCN(c1ccc(=O)n(-c2ccccc2Cl)n1)c1ccc(F)cc1Cl
368325	NCC(=O)NCCCN(c1ccc(=O)n(-c2ccccc2Cl)n1)c1ccccc1Cl
370808	N#Cc1ncc2nc1OCCCCCOc1cc(N)c(Cl)cc1NC(=O)N2
368326	CNCC(=O)NCCCN(c1ccc(=O)n(-c2ccccc2Cl)n1)c1ccccc1Cl
368337	O=C(CC1CCCN1)NCCCN(c1ccc(=O)n(-c2ccccc2Cl)n1)c1ccccc1Cl
370827	CCCCNc1cc2c(cc1Cl)NC(=O)Nc1cnc(C#N)c(n1)OCCCCCO2
368338	O=C(NCCCN(c1ccc(=O)n(-c2ccccc2Cl)n1)c1ccccc1Cl)C1CCNCC1
368345	O=C(NCCCN(c1ccc(=O)n(-c2ccccc2Cl)n1)c1ccccc1Cl)C1CCC(C(F)(F)F)CC1
368743	Cc1ccc(N)cc1Nc1nccc(-c2noc3ccccc23)n1
370908	N#Cc1ncc2nc1OCCCCCOc1cc(O)c(Cl)cc1NC(=O)N2
370916	N#Cc1ncc2nc1OCCCCCOc1cc(OCCCO)c(Cl)cc1NC(=O)N2
370917	N#Cc1ncc2nc1OCCCCCOc1cc(OCCCN)c(Cl)cc1NC(=O)N2
370919	CS(=O)(=O)Nc1cc2c(cc1Cl)NC(=O)Nc1cnc(C#N)c(n1)OCCCCCO2
370928	COCCOc1cc2c(cc1Cl)NC(=O)Nc1cnc(C#N)c(n1)OCCCCCO2
370929	COCCOCCOc1cc2c(cc1Cl)NC(=O)Nc1cnc(C#N)c(n1)OCCCCCO2
370930	N#Cc1ncc2nc1OCCCCCOc1cc(N(CCO)CCO)c(Cl)cc1NC(=O)N2
370937	N#Cc1ncc2nc1OCCCCCOc1cc(C#CCO)c(Cl)cc1NC(=O)N2
370938	CC(O)C#Cc1cc2c(cc1Cl)NC(=O)Nc1cnc(C#N)c(n1)OCCCCCO2
370947	CCN(CC)CC#Cc1cc2c(cc1Cl)NC(=O)Nc1cnc(C#N)c(n1)OCCCCCO2
371169	COCCOn1nc(N)c2c(-c3ccc(NC(=O)Nc4cccc(Cl)c4)cc3)cccc21
371211	COCCOc1ccc(-c2ccc(NC(=O)Nc3cccc(C)c3)cc2)c2c(N)n[nH]c12
371278	COCCOn1nc(N)c2c(-c3ccc(NC(=O)Nc4cc(C)ccc4F)cc3)cccc21
368754	Cc1cc2c(F)c(Oc3ncnc(N)c3/C=N/OCCCO)ccc2[nH]1
368867	COCCO/N=C/c1c(N)ncnc1Oc1ccc2[nH]c(C)cc2c1F
367776	Cc1cccc(C)c1-c1cc(C)c2nc(Nc3ccc(NS(=O)(=O)CCN4CCCC4)cc3)nnc2c1
367779	Cc1cccc(C)c1-c1cc(C)c2nc(Nc3cccc(NS(=O)(=O)CCN4CCCC4)c3)nnc2c1
369144	COc1cc2c(cc1OCCCO)ncn2-c1cc(OCc2ccccc2C(F)(F)F)c(C#N)s1
369755	C#Cc1ccc(C#Cc2ccc(C(=O)OCC3(CO)CC(=C(C)C)C(=O)O3)cc2)cc1
373082	CONC(=O)c1ccc(C)c(Nc2nc(N(C)CC(C)(C)C)nc(N3CCNCC3)n2)c1
373088	CONC(=O)c1ccc(C)c(Nc2nc(N(C)CC(C)(C)C)nc(N3CCCN(C)CC3)n2)c1
373378	CS(=O)(=O)N1CCN(Cc2ccnc(Nc3ncc(-c4ccccc4)s3)c2)CC1
369756	C#Cc1ccc(C#Cc2ccc(C#Cc3ccc(C(=O)OCC4(CO)CC(=C(C)C)C(=O)O4)cc3)cc2)cc1
369762	COc1ccc(C#Cc2ccc(C#Cc3ccc(C(=O)OCC4(CO)CC(=C(C)C)C(=O)O4)cc3)cc2)cc1
369763	COC(=O)COc1ccc(C#Cc2ccc(C#Cc3ccc(C(=O)OCC4(CO)CC(=C(C)C)C(=O)O4)cc3)cc2)cc1
369775	CCCCCCCCCC(=O)OCC1(CO)CC(=C(C)C)C(=O)O1
379003	CN(CCCl)CCN/N=N/c1ccc2ncnc(Nc3cccc(Cl)c3)c2c1
375209	CN1CCN(Cc2ccc3c(c2)Cc2c(-c4csc(C#CCOc5ccccc5)c4)n[nH]c2-3)CC1
375210	CN1CCN(Cc2ccc3c(c2)Cc2c(-c4ccc(C#CCOc5ccccc5)s4)n[nH]c2-3)CC1
375211	NC(=O)N1CCN(Cc2ccc3c(c2)Cc2c(-c4csc(C#CCOc5ccccc5)c4)n[nH]c2-3)CC1
375214	CN1CCN(Cc2ccc3c(c2)Cc2c(-c4csc(C#CCOc5ccccc5)c4)n[nH]c2-3)CC1=O
375215	CN1CCN(Cc2ccc3c(c2)Cc2c(-c4csc(C#CCOc5ccccc5)c4)n[nH]c2-3)C(=O)C1
375219	C(#Cc1cc(-c2n[nH]c3c2Cc2cc(CN4CCSC4)ccc2-3)cs1)COc1ccccc1
375224	CN1CCN(Cc2ccc3c(c2)Cc2c(-c4csc(C#CCCO)c4)n[nH]c2-3)CC1
375227	C(#Cc1cc(-c2n[nH]c3c2Cc2cc(Cn4cccn4)ccc2-3)cs1)COc1ccccc1
375228	COCC#Cc1cc(-c2n[nH]c3c2Cc2cc(CN4CCN(C)CC4)ccc2-3)cs1
375237	COCCOCC#Cc1cc(-c2n[nH]c3c2Cc2ccc(CN4CCN(C)CC4)cc2-3)cs1
375241	COCCOCC#Cc1cc(-c2n[nH]c3c2Cc2ccc(Cn4cncn4)cc2-3)cs1
375242	COCCOCC#Cc1cc(-c2n[nH]c3c2C(=O)c2cc(CN4CCN(C)CC4)ccc2-3)cs1
375247	CN1CCN(Cc2ccc3c(c2)Cc2c(-c4csc(C#CCNC(=O)c5ccccc5)c4)n[nH]c2-3)CC1
375256	CN1CCN(Cc2ccc3c(c2)Cc2c(-c4csc(C#CCNC(=O)Nc5ccccc5)c4)n[nH]c2-3)CC1
375258	CN1CCN(c2ccc3c(c2)Cc2c(-c4csc(C#CCOc5ccccc5)c4)n[nH]c2-3)CC1
375259	CN1CCN(CCc2ccc3c(c2)Cc2c(-c4csc(C#CCOc5ccccc5)c4)n[nH]c2-3)CC1
375262	CN1CCC(Cc2ccc3c(c2)Cc2c(-c4csc(C#CCOc5ccccc5)c4)n[nH]c2-3)CC1
373063	CONC(=O)c1ccc(C)c(Nc2nc(N[C@H]3CCNC3)nc(N(C)CC(C)(C)C)n2)c1
373064	Cc1ccc(C(=O)NO)cc1Nc1nc(N[C@H]2CCNC2)nc(N(C)CC(C)(C)C)n1
379361	Nc1cc2[nH]nc(Cl)c2cc1-c1cncc(OC[C@@H](N)Cc2c[nH]c3ccccc23)c1
385868	NC(=O)Nc1ccc2c(c1)/C(=C/c1ccc[nH]1)C(=O)N2
383208	Cc1cccc(C)c1-c1cc(C)c2nc(Nc3ccc(S(=O)(=O)NCCN4CCCC4)cc3)nnc2c1
383209	Cc1cc(-c2c(Cl)cccc2Cl)cc2nnc(Nc3ccc(S(=O)(=O)NCCN4CCCC4)cc3)nc12
383210	Cc1cc(-c2c(O)cccc2Cl)cc2nnc(Nc3ccc(S(=O)(=O)NCCN4CCCC4)cc3)nc12
383211	Cc1ccc(C#N)cc1-c1cc(C)c2nc(Nc3ccc(S(=O)(=O)NCCN4CCCC4)cc3)nnc2c1
383221	Cc1cc2nc(Nc3ccc(S(=O)(=O)NCCN4CCCC4)cc3)nnc2cc1-c1c(C)cccc1C
383232	Cc1ccccc1-c1cc2nnc(Nc3ccc(S(=O)(=O)NCCN4CCCC4)cc3)nc2cc1C
383235	Cc1ccc(C#N)cc1-c1cc2nnc(Nc3ccc(S(=O)(=O)NCCN4CCCC4)cc3)nc2cc1C
383236	Cc1cc(F)ccc1-c1cc2nnc(Nc3ccc(S(=O)(=O)NCCN4CCCC4)cc3)nc2cc1C
383246	Cc1cccc(C)c1-c1cc(C)c2nc(Nc3ccc(OCCCN4CCCC4)cc3)nnc2c1
383251	Cc1cccc(C)c1-c1cc(C)c2nc(Nc3ccc(C(=O)NN4CCN(C)CC4)cc3)nnc2c1
383252	Cc1cccc(C)c1-c1cc(C)c2nc(Nc3ccc(C(=O)NN4CCNCC4)cc3)nnc2c1
383263	Cc1cccc(C)c1-c1cc(N)c2nc(Nc3ccc(OCCN4CCCC4)cc3)nnc2c1
383266	Cc1cccc(C)c1-c1cc(NS(C)(=O)=O)c2nc(Nc3ccc(OCCN4CCCC4)cc3)nnc2c1
384022	CC(C)C/C=C1/CC(CO)(COC(=O)CC(CC(C)C)CC(C)C)OC1=O
384062	CNc1nc2cc3ccccc3cc2n2c(C)cnc12
384066	Cc1cnc2c(NCCO)nc3cc4ccccc4cc3n12
384068	CNc1nc2cc3ccccc3cc2c2c(C)cnn12
384072	O=C(O)CCC1CCCc2[nH]c(/C=C3\C(=O)Nc4ccc(C(=O)O)cc43)cc21
384076	O=C(O)CCC1CCCc2[nH]c(/C=C3\C(=O)Nc4ccc(Br)cc43)cc21
384098	CCOC(=O)c1cn2ncnc(Nc3cc(C(=O)NOC)c(C)cc3C)c2c1C(C)C
384202	CNN=Nc1ccc(C(=O)Nc2ccc(C)c(Nc3nccc(-c4cccnc4)n3)c2)cc1C(F)(F)F
384204	Cc1ccc(NC(=O)c2ccc(N=NN(C)C)c(C(F)(F)F)c2)cc1Nc1nccc(-c2cccnc2)n1
381937	Cc1n[nH]c2ccc(-c3cncc(OC[C@@H](N)Cc4ccc(F)c(F)c4F)c3)cc12
381945	Cc1n[nH]c2ccc(-c3cncc(OC[C@@H](N)Cc4cccc(I)c4)c3)cc12
381996	Cc1n[nH]c2ccc(-c3cncc(OC[C@@H](N)Cc4ccc5c(c4)OC(F)(F)C(F)(F)O5)c3)cc12
382004	N[C@H](COc1cncc(-c2ccc3c(c2)/C(=C/c2ccc[nH]2)C(=O)N3)c1)Cc1ccccc1
382005	N[C@H](COc1cncc(-c2ccc3c(c2)/C(=C\c2ccco2)C(=O)N3)c1)Cc1ccccc1
385869	NC(=O)Nc1ccc2c(c1)/C(=C/c1cc(C(=O)O)c[nH]1)C(=O)N2
385870	Cc1c(C(=O)O)c[nH]c1/C=C1\C(=O)Nc2ccc(NC(N)=O)cc21
385873	CN(C)CCNC(=O)c1c[nH]c(/C=C2\C(=O)Nc3ccc(NC(N)=O)cc32)c1
385874	NC(=O)Nc1ccc2c(c1)/C(=C/c1cc(C(=O)NCCN3CCCCC3)c[nH]1)C(=O)N2
385875	NC(=O)Nc1ccc2c(c1)/C(=C/c1cc(C(=O)NCCN3CCOCC3)c[nH]1)C(=O)N2
385877	NC(=O)Nc1ccc2c(c1)/C(=C/c1cc(C(=O)NCCc3cnc[nH]3)c[nH]1)C(=O)N2
385878	NC(=O)Nc1ccc2c(c1)/C(=C/c1cc(C(=O)NCCc3ccncc3)c[nH]1)C(=O)N2
385879	NC(=O)Nc1ccc2c(c1)/C(=C/c1cc(-c3ccccc3)c[nH]1)C(=O)N2
385880	NC(=O)Nc1ccc2c(c1)/C(=C/c1cc(-c3cccnc3)c[nH]1)C(=O)N2
385882	CN(C)CCNC(=O)c1cccc(-c2c[nH]c(/C=C3\C(=O)Nc4ccc(NC(N)=O)cc43)c2)c1
385885	NC(=O)Nc1ccc2c(c1)/C(=C/c1cc(-c3cccc(C(=O)NCCN4CCCCC4)c3)c[nH]1)C(=O)N2
385888	NC(=O)Nc1ccc2c(c1)/C(=C/c1cc(-c3cccc(O)c3)c[nH]1)C(=O)N2
385891	COc1cccc(-c2c[nH]c(/C=C3\C(=O)Nc4ccc(NC(N)=O)cc43)c2)c1
385899	NC(=O)Nc1ccc2c(c1)/C(=C/c1cc(-c3cccc(C(N)=O)c3)c[nH]1)C(=O)N2
385901	CC(=O)Nc1cccc(-c2c[nH]c(/C=C3\C(=O)Nc4ccc(NC(N)=O)cc43)c2)c1
385904	NCc1cccc(-c2c[nH]c(/C=C3\C(=O)Nc4ccc(NC(N)=O)cc43)c2)c1
385907	C/C(=C1/C(=O)Nc2ccc(NC(N)=O)cc21)c1ccc[nH]1
387598	COc1cc(-c2ccc3c(c2)Nc2ccccc2NC3=O)ccc1[N+](=O)[O-]
385910	C/C(=C1/C(=O)Nc2ccc(NC(N)=O)cc21)c1cc(CN)c[nH]1
385913	CC(=O)NCc1c[nH]c(/C(C)=C2\C(=O)Nc3ccc(NC(N)=O)cc32)c1
385914	C/C(=C1/C(=O)Nc2ccc(NC(N)=O)cc21)c1cc(CNC(=O)c2ccncc2)c[nH]1
385915	C/C(=C1/C(=O)Nc2ccc(NC(N)=O)cc21)c1cc(CNC(=O)c2cccnc2)c[nH]1
387609	COc1cc(-c2ccc3c(c2)Nc2ccc(O)cc2NC3=O)ccc1N
385916	C/C(=C1/C(=O)Nc2ccc(NC(N)=O)cc21)c1cc(CNC(=O)C2CCNCC2)c[nH]1
387611	COc1ccc2c(c1)NC(=O)c1ccc(-c3ccc(N)c(OC)c3)cc1N2
387612	COc1cc(-c2ccc3c(c2)Nc2c(cccc2OC)NC3=O)ccc1N
385917	C/C(=C1/C(=O)Nc2ccc(NC(N)=O)cc21)c1cc(CNC(=O)C2CCN(C)CC2)c[nH]1
385918	C/C(=C1/C(=O)Nc2ccc(NC(N)=O)cc21)c1cc(CNC(=O)C2CNCCN2)c[nH]1
387615	COc1cc(-c2ccc3c(c2)Nc2ccc(N)cc2NC3=O)ccc1N
385919	C/C(=C1/C(=O)Nc2ccc(NC(N)=O)cc21)c1cc(CNC(=O)CN)c[nH]1
387617	COc1cc(-c2ccc3c(c2)Nc2ccc(N4CCCS4(=O)=O)cc2NC3=O)ccc1N
387618	COc1cc(-c2ccc3c(c2)Nc2ccc(N4CCCC4=O)cc2NC3=O)ccc1N
385920	C/C(=C1/C(=O)Nc2ccc(NC(N)=O)cc21)c1cc(CNC(=O)CO)c[nH]1
387621	COc1cc(-c2ccc3c(c2)Nc2cc(N)ccc2NC3=O)ccc1N
385921	C/C(=C1/C(=O)Nc2ccc(NC(N)=O)cc21)c1cc(CNC(=O)CCN2CCCCC2)c[nH]1
386134	COc1cc2c(cc1C(=O)N1CCn3c(cnc3-c3ccc(F)cc3F)C1)c(C(=O)C(=O)N(C)C)cn2C
387623	COc1cc(-c2ccc3c(c2)Nc2cc(N4CCOCC4)ccc2NC3=O)ccc1N
387624	COC(=O)Cc1ccc2c(c1)NC(=O)c1ccc(-c3ccc(N)c(OC)c3)cc1N2
387626	COc1cc(-c2ccc3c(c2)Nc2ccc(CC(=O)N(C)C)cc2NC3=O)ccc1N
387627	COc1cc(-c2ccc3c(c2)Nc2ccc(CC(=O)Nc4ccc(N5CCOCC5)cc4)cc2NC3=O)ccc1N
387628	COc1cc(-c2ccc3c(c2)Nc2ccc(C(C)(C)C(=O)Nc4ccc(N5CCOCC5)cc4)cc2NC3=O)ccc1N
387629	COc1cc(-c2ccc3c(c2)Nc2ccc(CCC(=O)N(C)C)cc2NC3=O)ccc1N
387631	COc1cc(-c2ccc3c(c2)Nc2ccc(CCC(=O)Nc4ccc(N5CCOCC5)cc4)cc2NC3=O)ccc1N
387632	COc1cc(-c2ccc3c(c2)Nc2cc(CC(=O)N(C)C)ccc2NC3=O)ccc1N
387633	COc1cc(-c2ccc3c(c2)Nc2cc(C(C)(C)C(=O)Nc4ccc(N5CCOCC5)cc4)ccc2NC3=O)ccc1N
387812	O=C1NC(=O)c2c1c1c(O)ccc(O)c1c1[nH]c3ccc(O)cc3c21
384895	COCC(=O)NCC#Cc1ccc2ncnc(Nc3ccc(OC4CCN(C(=O)CC(C)(C)C)CC4)c(C)c3)c2c1
384903	COCC(=O)NCC#Cc1ccc2ncnc(Nc3ccc(Oc4cccc(C(=O)NC(C)(C)C)c4)c(C)c3)c2c1
384909	COCC(=O)NCC#Cc1ccc2ncnc(Nc3ccc(Oc4ccc(C(=O)NCC(C)(C)C)cc4)c(C)c3)c2c1
384913	COCCOc1ccc2ncnc(Nc3ccc(OC4CCN(C(=O)CC(C)(C)C)CC4)c(C)c3)c2c1
384920	COCCOc1ccc2ncnc(Nc3ccc(OC4CCN(C(=O)Nc5c(F)cccc5F)CC4)c(C)c3)c2c1
384926	COCCOc1ccc2ncnc(Nc3ccc(OC4CCN(C(=O)C5CCCC5)CC4)c(C)c3)c2c1
386136	CN(C)C(=O)C(=O)c1c[nH]c2cc(Cl)c(C(=O)N3CCn4c(cnc4-c4ccc(F)cc4F)C3)cc12
386138	CN(C)C(=O)C(=O)c1cn(C)c2cc(Cl)c(C(=O)N3CCn4c(cnc4-c4ccc(F)cc4F)C3)cc12
386140	COc1nc2[nH]cc(C(=O)C(=O)N(C)C)c2cc1C(=O)N1CCn2c(cnc2-c2ccc(F)cc2F)C1
386142	COc1nc2[nH]cc(C(=O)C(=O)N3CCC(O)C3)c2cc1C(=O)N1CCn2c(cnc2-c2ccc(F)cc2F)C1
386144	COc1nc2c(cc1C(=O)N1CCn3c(cnc3-c3ccc(F)cc3F)C1)c(C(=O)C(=O)N1CCC(O)C1)cn2C
386159	COc1nc2[nH]cc(C(=O)C(=O)N(C)C)c2cc1C(=O)N1CCc2c(cnn2-c2ccccc2Cl)C1
408297	CN(C)c1cc2cc(n1)CCCn1cc(c3ccccc31)C1=C(C(=O)NC1=O)c1cn(c3ccccc13)CCC2
391669	CCOc1cc2ncnc(NC3=CC(=O)C(OCc4cccc(F)c4)=CC3=O)c2cc1NC(=O)/C=C/CN(C)C
391671	CCOc1cc2ncnc(NC3=CC(=O)C(OCc4ccccc4)=CC3=O)c2cc1NC(=O)/C=C/CN(C)C
391674	CCOc1cc2ncnc(NC3=CC(=O)C(OCc4cccc(Cl)c4)=CC3=O)c2cc1NC(=O)/C=C/CN(C)C
391681	CCOc1cc2ncnc(NC3=CC(=O)C(OCc4cccc(C)c4)=CC3=O)c2cc1NC(=O)/C=C/CN(C)C
398109	CC/C(=C1/C(=O)Nc2ccc(S(N)(=O)=O)cc21)c1ccc[nH]1
398110	NS(=O)(=O)c1ccc2c(c1)/C(=C(\c1ccccc1)c1ccc[nH]1)C(=O)N2
398154	CC/C(=C1/C(=O)Nc2ccc(NC(N)=O)cc21)c1ccc[nH]1
398155	NC(=O)Nc1ccc2c(c1)/C(=C(\c1cccc(N)c1)c1ccc[nH]1)C(=O)N2
398156	NC(=O)Nc1ccc2c(c1)/C(=C(\c1ccncc1)c1ccc[nH]1)C(=O)N2
398733	CO/N=C/c1c(N)ncnc1N1CCN(C(=O)Nc2ccc(C(C)C)cc2)CC1
398736	CO/N=C/c1c(N)ncnc1N1CCN(C(=O)Nc2ccc(OC3CCCC3)nc2)CC1
398738	CO/N=C/c1c(N)ncnc1N1CCN(C(=O)Nc2ccc(N3CCCC3)cc2)CC1
398744	CO/N=C/c1c(N)ncnc1N1CCN(C(=O)Nc2ccc(Oc3ccccc3)cc2)CC1
398745	CO/N=C/c1c(N)ncnc1N1CCN(C(=O)Nc2ccc(N(C)C)cc2)CC1
398792	CCO/N=C/c1c(N)ncnc1N1CCN(C(=O)Nc2ccc(OC(C)C)cc2)CC1
405110	O=C(Nc1ccc(O)cc1O)c1ccc2c(-c3nc4ccccc4[nH]3)n[nH]c2c1
405945	O=C1NC(=O)c2c1c1c3ccccc3[nH]c1c1cccn21
405966	O=C1NC(=O)c2c1c1c3cc(O)ccc3[nH]c1c1cccn21
406050	Cc1ccc([N+](=O)[O-])cc1S(=O)(=O)N(C)/N=C/c1cnc2ccc(Br)cn12
388451	C[S+]([O-])c1cc(NCc2c[nH]cn2)cc2c(Nc3ccc(F)c(Cl)c3)c(C#N)cnc12
388455	CC(=O)c1cc(NCc2c[nH]cn2)cc2c(Nc3ccc(F)c(Cl)c3)c(C#N)cnc12
388482	N#Cc1cnc2c(Cl)cc(NCc3cccc[n+]3[O-])cc2c1Nc1ccc(F)c(Cl)c1
389374	COC(=O)Nc1nc2ccc(C(=O)c3ccc(NC(=O)Nc4cc(C(F)(F)F)ccc4F)cc3)cc2[nH]1
389411	COCCOCC(=O)Nc1nc2ccc(Oc3ccc(NC(=O)Nc4cc(C(F)(F)F)ccc4F)cc3)cc2[nH]1
389524	O=C(NOCCO)c1ccc(F)c(F)c1Nc1ccc(I)cc1F
394842	O=Cc1ccc2c(c1)c1c3c(c4c5cc(Br)ccc5n5c4c1n2CC(CO)C5)C(=O)NC3
395709	O=C1N=C(N[C@@H]2C[C@H]2c2ccccc2)S/C1=C\c1ccc2ncccc2c1
396763	CCCCNCC(=O)Nc1ccc2c(c1)Cc1c(-c3ccc(-c4ccc(O)cc4)cc3)n[nH]c1-2
396764	O=C(CNCCO)Nc1ccc2c(c1)Cc1c(-c3ccc(-c4ccc(O)cc4)cc3)n[nH]c1-2
396772	OCCNCc1ccc2c(c1)-c1[nH]nc(-c3ccc(-c4ccc(O)cc4)cc3)c1C2
396773	CN(C)CCNCc1ccc2c(c1)-c1[nH]nc(-c3ccc(-c4ccc(O)cc4)cc3)c1C2
396774	Oc1ccc(-c2ccc(-c3n[nH]c4c3Cc3ccc(CNCCN5CCCC5)cc3-4)cc2)cc1
396788	COc1cc2c(cc1CNCCO)Cc1c(-c3ccc(-c4ccc(O)cc4)cc3)n[nH]c1-2
396792	COc1cc2c(cc1CNCCN1CCCC1)Cc1c(-c3ccc(-c4ccc(O)cc4)cc3)n[nH]c1-2
408299	O=C1NC(=O)C2=C1c1cn(c3ccccc13)CCCc1cc(nc(N3CCCC3)c1)CCCn1cc2c2ccccc21
408302	O=C1NC(=O)C2=C1c1cn(c3ccccc13)CCCc1ccc(c(N3CCCC3)n1)CCCn1cc2c2ccccc21
408309	O=C1NC(=O)C2=C1c1cn(c3ccccc13)CCCCc1ccc(c(N3CCCC3)n1)CCCCn1cc2c2ccccc21
413906	CNCCNc1nc2cc3ccccc3cc2n2c(C)cnc12
412092	CC1CNC(=O)c2[nH]c3ccc(C(=O)Nc4nc(C(=O)NCCC(N)=O)cs4)cc3c21
412231	NC1CCN(Cc2ccn3ncnc(Nc4ccc(OCc5cccc[n+]5[O-])c(Cl)c4)c23)CC1
413946	CNc1nc2cc(-c3cccc(CNS(N)(=O)=O)c3)sc2n2c(C)cnc12
413951	CNc1nc2cc(-c3cccc(CCNS(N)(=O)=O)c3)sc2n2c(C)cnc12
413952	CNc1nc2cc(-c3cccc(CCNCC(N)=O)c3)sc2n2c(C)cnc12
411004	CNc1cc(-c2cccnc2Oc2cc(NC(=O)c3cccc(OC(F)(F)C(F)F)c3)ccc2C)ccn1
414169	COc1cc2ncnc(C#CCCc3ccccc3)c2cc1OC
414172	COc1cc2ncnc(C#CCOc3ccccc3)c2cc1OC
414173	COc1cc2ncnc(C#CC(C)(C)Cc3ccccc3)c2cc1OC
414184	COc1cc2ncnc(C#Cc3ccccc3-c3ccccc3)c2cc1OC
414185	CCOc1cc2ncnc(/C=C/c3ccccc3)c2cc1OCC
414188	CCOc1cc2ncnc(C#Cc3[nH]ccc3-c3ccccc3)c2cc1OCC
414189	CCOc1cc2ncnc(C#Cc3nccn3-c3ccccc3)c2cc1OCC
414190	CCOc1cc2ncnc(C#Cc3c[nH]nc3-c3ccc(F)cc3)c2cc1OCC
414191	CCOc1cc2ncnc(C#CC(C)(Cc3ccccc3)N3CCC(C(=O)O)CC3)c2cc1OCC
414192	CCOc1cc2ncnc(C#C[C@@](C)(Cc3ccccc3)N3CCC(C(=O)O)CC3)c2cc1OCC
414997	COc1cc2c(N[C@@H]3C[C@H]3c3ccccc3)c(C#N)cnc2cc1OCCCN1CCOCC1
416070	NCCCc1cc2cc[nH]c(=O)c2c2cc(Cl)ccc12
416072	NCCCc1cc2cc[nH]c(=O)c2c2cc(Br)ccc12
416075	NCCc1cc2cc[nH]c(=O)c2c2cc(Cl)ccc12
416076	NCCc1cc2cc[nH]c(=O)c2c2cc(Br)ccc12
416087	N#Cc1ccc2c(CCCN)cc3cc[nH]c(=O)c3c2c1
416089	NCCCc1cc2cc[nH]c(=O)c2c2cc(C(N)=O)ccc12
416090	NCCc1cc2cc[nH]c(=O)c2c2cc(-c3cn[nH]c3)ccc12
416091	NCCCc1cc2cc[nH]c(=O)c2c2cc(-c3cn[nH]c3)ccc12
416092	NCCc1cc2cc[nH]c(=O)c2c2cc(-c3ccn[nH]3)ccc12
416094	NCCCc1cc2cc[nH]c(=O)c2c2cc(-c3ccn[nH]3)ccc12
416095	NCCc1cc2cc[nH]c(=O)c2c2cc(-c3ccc[nH]3)ccc12
416096	NCCCc1cc2cc[nH]c(=O)c2c2cc(-c3ccc[nH]3)ccc12
416097	Cn1cc(-c2ccc3c(CCCN)cc4cc[nH]c(=O)c4c3c2)cn1
416098	NCCCc1cc2cc[nH]c(=O)c2c2cc(-c3ccc(CN)cc3)ccc12
416099	NCCc1cc2cc[nH]c(=O)c2c2cc(-c3ccc(CN4CCOCC4)cc3)ccc12
416100	CN(C)CCNC(=O)c1ccc2c(CCCN)cc3cc[nH]c(=O)c3c2c1
416123	NCCCc1cc2c(Br)c[nH]c(=O)c2c2cc(-c3cn[nH]c3)ccc12
416125	C=Cc1c[nH]c(=O)c2c1cc(CCCN)c1ccc(-c3cn[nH]c3)cc12
416127	NCCCc1cc2c(-c3ccccc3)c[nH]c(=O)c2c2cc(-c3cn[nH]c3)ccc12
416129	NCCCc1cc2c(-c3ccccc3O)c[nH]c(=O)c2c2cc(-c3cn[nH]c3)ccc12
416130	NCCCc1cc2c(-c3cccc(O)c3)c[nH]c(=O)c2c2cc(-c3cn[nH]c3)ccc12
416133	NCCCc1cc2c(-c3ccc(O)cc3)c[nH]c(=O)c2c2cc(-c3cn[nH]c3)ccc12
416134	NCCCc1cc2c(-c3ccccc3F)c[nH]c(=O)c2c2cc(-c3cn[nH]c3)ccc12
416138	NCCCc1cc2c(-c3cccc(F)c3)c[nH]c(=O)c2c2cc(-c3cn[nH]c3)ccc12
416142	NCCCc1cc2c(-c3ccc(F)cc3)c[nH]c(=O)c2c2cc(-c3cn[nH]c3)ccc12
416145	NCCCc1cc2c(-c3ccccc3Cl)c[nH]c(=O)c2c2cc(-c3cn[nH]c3)ccc12
416149	NCCCc1cc2c(-c3cccc(Cl)c3)c[nH]c(=O)c2c2cc(-c3cn[nH]c3)ccc12
416151	NCCCc1cc2c(-c3ccc(Cl)cc3)c[nH]c(=O)c2c2cc(-c3cn[nH]c3)ccc12
416155	NCCCc1cc2c(-c3ccc(Cl)cc3Cl)c[nH]c(=O)c2c2cc(-c3cn[nH]c3)ccc12
414998	COc1cc2c(N[C@@H]3C[C@H]3c3ccccc3)c(C#N)cnc2cc1OCCCN1CCN(C)CC1
415774	COc1cccc2c1c(/C=C1\C(=O)NN=C1c1snnc1C)cn2C
419205	CN(C)CCNC(=O)c1ccc(-c2n[nH]c3cc(Nc4ccccc4Cl)ccc23)cc1
415778	COc1ccc2c(c(/C=C3\C(=O)NN=C3c3snnc3C)cn2C)c1Br
415780	COc1ccc(OC)c2c1c(/C=C1\C(=O)NN=C1c1snnc1C)cn2C
415786	COc1ccc2c(c1)c(/C=C1\C(=O)NN=C1c1cnns1)cn2C
415789	Cn1cc(/C=C2\C(=O)NN=C2c2cnns2)c2c(F)cccc21
415793	Cn1cc(/C=C2\C(=O)NN=C2c2cnns2)c2c(Cl)cccc21
415795	Cn1cc(/C=C2\C(=O)NN=C2c2cnns2)c2c(Br)cccc21
415796	COc1cccc2c1c(/C=C1\C(=O)NN=C1c1cnns1)cn2C
415797	CCOc1cccc2c1c(/C=C1\C(=O)NN=C1c1cnns1)cn2C
415798	COC(=O)c1cccc2c1c(/C=C1\C(=O)NN=C1c1cnns1)cn2C
415801	COc1ccc2c(c(/C=C3\C(=O)NN=C3c3cnns3)cn2C)c1Br
415804	Cc1cc(Br)c2c(/C=C3\C(=O)NN=C3c3cnns3)cn(C)c2c1
415806	COc1ccc(OC)c2c1c(/C=C1\C(=O)NN=C1c1cnns1)cn2C
427446	Cc1cc2c(F)c(Nc3ncnn4cc(-c5nnc(C)o5)c(C(C)C)c34)cnc2[nH]1
420238	CC(=O)O/N=C1C(=C2/C(=O)Nc3cc(Cl)c(Cl)cc32)/Nc2ccccc2/1
420240	O=C1Nc2ccc(Br)cc2/C1=C1/Nc2ccccc2/C1=N\O
420278	CN1CCN(c2cnc(NCCNc3ccc([N+](=O)[O-])c(N)n3)nc2-c2ccc(Cl)cc2Cl)C(=O)C1
420330	CC(CO)NC(=N)c1c(O)nsc1Nc1ccc(Nc2ccccc2)cc1
425689	COc1cc2nccc(Oc3ccc(NC(=S)NC(=O)Cc4ccccc4)cc3F)c2cc1OC
426123	C[C@H](OC(=O)NCCCCl)[C@H]1c2ccccc2-c2c3c(c4c([nH]c5ccccc54)c21)CNC3=O
426125	C=CCNC(=O)O[C@@H](C)[C@H]1c2ccccc2-c2c3c(c4c([nH]c5ccccc54)c21)CNC3=O
426171	CCNC(=O)O[C@@H](C)[C@H]1c2ccccc2-c2c3c(c4c([nH]c5ccccc54)c21)CNC3=O
426232	Cn1cnc(-c2cc3nccc(Oc4ccc(NC(=S)NC(=O)Cc5ccccc5)cc4F)c3s2)c1
427016	Cc1c(OC[C@@H](C)O)cn2ncnc(Oc3cnc4[nH]ccc4c3F)c12
427020	Cc1cc2c(F)c(Oc3ncnn4cc(OC[C@@H](C)O)c(C)c34)cnc2[nH]1
423681	CC1CCN(c2cc(N3CCN(S(C)(=O)=O)CC3)ccc2NC(=O)c2ccc(C#N)o2)CC1
423694	CN(c1ccc(NC(=O)c2ccc(C#N)o2)c(N2CCCCC2)c1)S(C)(=O)=O
424292	Cc1c(OCCCN(C)C)cn2ncnc(Oc3ccc(NC(=O)c4c(F)cccc4F)cc3F)c12
424302	Cc1c(OCCCN(C)C)cn2ncnc(Oc3ccc(NC(=O)CC(=O)Nc4ccc(F)cc4)cc3F)c12
424611	NC(=O)c1c(OCc2c(F)cc(Br)cc2F)nsc1NC(=O)NCCCCN1CCCC1
424613	CO/N=C/c1ccc2[nH]c3c4c(c5c(c3c2c1)CNC5=O)-c1cn(C)nc1CC4
424614	CCO/N=C/c1ccc2[nH]c3c4c(c5c(c3c2c1)CNC5=O)-c1cn(C)nc1CC4
424615	CO/N=C(\C)c1ccc2[nH]c3c4c(c5c(c3c2c1)CNC5=O)-c1cn(C)nc1CC4
424616	CCO/N=C(\C)c1ccc2[nH]c3c4c(c5c(c3c2c1)CNC5=O)-c1cn(C)nc1CC4
424617	CO/N=C(/c1ccc2[nH]c3c4c(c5c(c3c2c1)CNC5=O)-c1cn(C)nc1CC4)C(C)C
424619	CCO/N=C(/c1ccc2[nH]c3c4c(c5c(c3c2c1)CNC5=O)-c1cn(C)nc1CC4)C(C)C
424620	C/C(=N\O)c1ccc2[nH]c3c4c(c5c(c3c2c1)CNC5=O)-c1cn(C)nc1CC4
424622	C/C(=N\OC(C)C)c1ccc2[nH]c3c4c(c5c(c3c2c1)CNC5=O)-c1cn(C)nc1CC4
424624	C/C(=N\OCC(C)C)c1ccc2[nH]c3c4c(c5c(c3c2c1)CNC5=O)-c1cn(C)nc1CC4
424628	CO/N=C(\C)c1ccc2c(c1)c1c3c(c4c(c1n2C)CCc1nn(C)cc1-4)C(=O)NC3
424630	CCn1c2ccc(/C(C)=N/OC)cc2c2c3c(c4c(c21)CCc1nn(C)cc1-4)C(=O)NC3
424632	CCCn1c2ccc(/C(C)=N/OC)cc2c2c3c(c4c(c21)CCc1nn(C)cc1-4)C(=O)NC3
424633	CO/N=C(\C)c1ccc2c(c1)c1c3c(c4c(c1n2C(C)C)CCc1nn(C)cc1-4)C(=O)NC3
424635	CO/N=C(\C)c1ccc2c(c1)c1c3c(c4c(c1n2CC(C)C)CCc1nn(C)cc1-4)C(=O)NC3
424636	CCCCn1c2ccc(/C(C)=N/OC)cc2c2c3c(c4c(c21)CCc1nn(C)cc1-4)C(=O)NC3
424637	CCO/N=C(\C)c1ccc2c(c1)c1c3c(c4c(c1n2CC(C)C)CCc1nn(C)cc1-4)C(=O)NC3
424638	C/C(=N\OC(C)C)c1ccc2c(c1)c1c3c(c4c(c1n2CC(C)C)CCc1nn(C)cc1-4)C(=O)NC3
424639	C/C(=N\OCC(C)C)c1ccc2c(c1)c1c3c(c4c(c1n2CC(C)C)CCc1nn(C)cc1-4)C(=O)NC3
424640	CCO/N=C(\C)c1ccc2c(c1)c1c3c(c4c(c1n2C(C)C)CCc1nn(C)cc1-4)C(=O)NC3
424641	C/C(=N\OC(C)C)c1ccc2c(c1)c1c3c(c4c(c1n2C(C)C)CCc1nn(C)cc1-4)C(=O)NC3
424642	C/C(=N\OCC(C)C)c1ccc2c(c1)c1c3c(c4c(c1n2C(C)C)CCc1nn(C)cc1-4)C(=O)NC3
424643	CCn1c2ccc(/C(C)=N/OCC(C)C)cc2c2c3c(c4c(c21)CCc1nn(C)cc1-4)C(=O)NC3
424703	CNC(=O)c1ccc(C)c(NC(=O)c2cnc(NCCOC)s2)c1
427613	Cc1noc(-c2cn3ncnc(Nc4cnc5[nH]ccc5c4F)c3c2C(C)C)n1
427668	COC(=O)c1cn2ncnc(Nc3cnc4[nH]ccc4c3)c2c1C(C)C
428403	CCCCNC(=O)c1ccc(C)c(Nc2ncnc3c2cnn3-c2ccccc2)c1
429987	Nc1nc(Nc2ccc(S(N)(=O)=O)cc2)nn1C(=S)Nc1c(F)cccc1F
430036	CC(=O)O.O=C(O)c1ccc2c3c1cccc3c(=O)n1c3ccccc3nc21
430410	COc1ccc2c(c1)/C(=C/c1cnc[nH]1)C(=O)N2
430411	CCN1/C(=C/C(C)=O)Sc2ccc(OC)cc21
430532	COc1ccc(CNC(=O)Nc2ncc([N+](=O)[O-])s2)cc1
430577	Cc1cncc2cccc(S(=O)(=O)N3CCCNC[C@@H]3C)c12
432161	COC(=O)c1c(-c2cccc(CO)c2)c2cc(Cl)ccc2c(=O)n1Cc1ccc(S(C)(=O)=O)cc1
432193	COC(=O)c1c(-c2ccccc2)c2cc(Cl)ccc2c(=O)n1Cc1ccc(S(C)(=O)=O)cc1
428449	CONC(=O)c1ccc(C)c(Nc2ncnc3c2cnn3-c2ccccc2)c1
429088	Cc1[nH]c(/C=C2\C(=O)Nc3ccc(S(=O)(=O)N(C)c4cccc(Cl)c4)cc32)c(C)c1C(=O)N1CCN(C)CC1
433079	O=C1NCc2c1c1c(c3c2[nH]c2ccccc23)C(=O)NC1=O
429302	O=C1Nc2cc(Br)ccc2/C1=C1/Nc2ccccc2/C1=N\O
429350	Cc1cnc(-c2cnc(NCCNc3ccc(C#N)cn3)nc2-c2ccc(Cl)cc2Cl)[nH]1
434867	Cc1ccc(-n2nc(C(C)(C)C)cc2NC(=O)/C(=N\O)c2ccc(OCCN3CCOCC3)c3ccccc23)cc1
439081	CC(C)(C)Cn1cnc2ccc(-c3[nH]c(C(C)(C)C)nc3-c3ccc(F)cc3F)nc21.CS(=O)(=O)O
439083	CC(C)(C)Cn1cnc2ccc(-c3[nH]c(-c4c(Cl)cccc4Cl)nc3-c3ccc(F)cc3)nc21.CS(=O)(=O)O
439085	CC(C)(C)Cn1cnc2ccc(-c3[nH]c(-c4c(F)cccc4F)nc3-c3ccc(F)cc3)nc21.CS(=O)(=O)O
439131	CC(C)(C)Cn1cnc2ccc(-c3[nH]c(C(C)(C)C)nc3-c3ccc(F)cc3)nc21.CS(=O)(=O)O
